sample_id,image_name,annotated,severity,confidence,screening_only,note,image_kind,lesion_count,spot_rate,dark_fraction,necrosis_ratio,leaf_area_px,isolation,coverage
id1,20260328_100120_HDR.jpg,no,0.5001,0.3194,True,Whole-plant CV cannot resolve lesions; see class docstring,plant,141,17.166,0.0,0.2044,82140,0.913,0.418
id1,20260328_100122_HDR.jpg,no,0.5,0.2987,True,Whole-plant CV cannot resolve lesions; see class docstring,plant,137,15.0,0.0,0.205,91334,0.853,0.465
id1,20260328_100123_HDR.jpg,no,0.4698,0.2981,True,Whole-plant CV cannot resolve lesions; see class docstring,plant,130,13.114,0.0,0.1827,99133,0.852,0.504
id1,20260328_100126_HDR.jpg,no,0.4184,0.2845,True,Whole-plant CV cannot resolve lesions; see class docstring,plant,86,8.74,0.0001,0.164,98394,0.813,0.5
id1,20260328_100128_HDR.jpg,no,0.5,0.2659,True,Whole-plant CV cannot resolve lesions; see class docstring,plant,101,10.459,0.0,0.2212,96564,0.76,0.491
id1,20260328_100130_HDR.jpg,no,0.4522,0.2807,True,Whole-plant CV cannot resolve lesions; see class docstring,plant,74,6.814,0.0,0.2137,108594,0.802,0.552
id1,20260328_100132_HDR.jpg,no,0.473,0.2915,True,Whole-plant CV cannot resolve lesions; see class docstring,plant,113,9.947,0.0001,0.1847,113598,0.833,0.578
id1,20260328_100134_HDR.jpg,no,0.3799,0.2855,True,Whole-plant CV cannot resolve lesions; see class docstring,plant,95,8.532,0.0001,0.1438,111347,0.816,0.566
id1,20260328_100139_HDR.jpg,no,0.3265,0.3177,True,Whole-plant CV cannot resolve lesions; see class docstring,plant,99,14.945,0.0003,0.1002,66242,0.908,0.337
id1,20260328_100141_HDR.jpg,no,0.3109,0.3312,True,Whole-plant CV cannot resolve lesions; see class docstring,plant,102,16.175,0.0052,0.0795,63062,0.946,0.321
id1,20260328_100144_HDR.jpg,no,0.2981,0.3246,True,Whole-plant CV cannot resolve lesions; see class docstring,plant,98,13.315,0.0015,0.0811,73602,0.927,0.374
id1,20260328_100147_HDR.jpg,no,0.3251,0.3153,True,Whole-plant CV cannot resolve lesions; see class docstring,plant,140,16.147,0.0003,0.0993,86702,0.901,0.441
id1,20260328_100149_HDR.jpg,no,0.2884,0.328,True,Whole-plant CV cannot resolve lesions; see class docstring,plant,156,17.762,0.0009,0.077,87830,0.937,0.447
id1,20260328_100154_HDR.jpg,no,0.2836,0.2645,True,Whole-plant CV cannot resolve lesions; see class docstring,plant,115,15.273,0.0264,0.0136,75296,0.756,0.383
id1,20260328_100157_HDR.jpg,no,0.3911,0.2455,True,Whole-plant CV cannot resolve lesions; see class docstring,plant,100,10.797,0.0374,0.0488,92615,0.701,0.471
id1,20260328_100158_HDR.jpg,no,0.3615,0.2616,True,Whole-plant CV cannot resolve lesions; see class docstring,plant,113,10.707,0.0219,0.0687,105543,0.747,0.537
id1,20260328_100200_HDR.jpg,no,0.5201,0.2269,True,Whole-plant CV cannot resolve lesions; see class docstring,plant,118,12.317,0.0579,0.0736,95800,0.648,0.487
id1,20260328_100202_HDR.jpg,no,0.4835,0.2315,True,Whole-plant CV cannot resolve lesions; see class docstring,plant,117,11.931,0.051,0.0691,98062,0.661,0.499
id1,20260328_100204_HDR.jpg,no,0.4971,0.2771,True,Whole-plant CV cannot resolve lesions; see class docstring,plant,90,7.833,0.0635,0.0658,114900,0.792,0.584
id2,20260328_100220_HDR.jpg,no,0.1859,0.2998,True,Whole-plant CV cannot resolve lesions; see class docstring,plant,131,18.893,0.0025,0.0146,69338,0.857,0.353
id2,20260328_100222_HDR.jpg,no,0.1721,0.3122,True,Whole-plant CV cannot resolve lesions; see class docstring,plant,126,17.424,0.0011,0.0101,72315,0.892,0.368
id2,20260328_100224_HDR.jpg,no,0.1781,0.3185,True,Whole-plant CV cannot resolve lesions; see class docstring,plant,125,18.868,0.0027,0.0096,66249,0.91,0.337
id2,20260328_100226_HDR.jpg,no,0.1587,0.3309,True,Whole-plant CV cannot resolve lesions; see class docstring,plant,115,16.632,0.001,0.0027,69144,0.945,0.352
id2,20260328_100229_HDR.jpg,no,0.1779,0.2934,True,Whole-plant CV cannot resolve lesions; see class docstring,plant,124,16.717,0.0028,0.0092,74175,0.838,0.377
id2,20260328_100231_HDR.jpg,no,0.2008,0.3101,True,Whole-plant CV cannot resolve lesions; see class docstring,plant,140,15.547,0.0013,0.026,90048,0.886,0.458
id2,20260328_100233_HDR.jpg,no,0.2141,0.3006,True,Whole-plant CV cannot resolve lesions; see class docstring,plant,140,14.179,0.0003,0.036,98736,0.859,0.502
id2,20260328_100236_HDR.jpg,no,0.3308,0.3142,True,Whole-plant CV cannot resolve lesions; see class docstring,plant,166,12.849,0.0005,0.1021,129195,0.898,0.657
id2,20260328_100239_HDR.jpg,no,0.3266,0.3146,True,Whole-plant CV cannot resolve lesions; see class docstring,plant,186,13.485,0.0016,0.0972,137936,0.899,0.702
id2,20260328_100243_HDR.jpg,no,0.169,0.2855,True,Whole-plant CV cannot resolve lesions; see class docstring,plant,84,15.143,0.0,0.0108,55470,0.816,0.282
id2,20260328_100245_HDR.jpg,no,0.1701,0.2636,True,Whole-plant CV cannot resolve lesions; see class docstring,plant,114,18.967,0.0011,0.0088,60105,0.753,0.306
id3,20260328_100258_HDR.jpg,no,0.341,0.318,True,Whole-plant CV cannot resolve lesions; see class docstring,plant,225,17.518,0.0,0.1091,128437,0.908,0.653
id3,20260328_100300_HDR.jpg,no,0.3276,0.3311,True,Whole-plant CV cannot resolve lesions; see class docstring,plant,221,16.249,0.0,0.1015,136007,0.946,0.692
id3,20260328_100302_HDR.jpg,no,0.2994,0.3278,True,Whole-plant CV cannot resolve lesions; see class docstring,plant,213,15.315,0.0,0.0854,139078,0.936,0.707
id3,20260328_100304_HDR.jpg,no,0.2377,0.3188,True,Whole-plant CV cannot resolve lesions; see class docstring,plant,164,12.342,0.0038,0.0409,132875,0.911,0.676
id3,20260328_100308_HDR.jpg,no,0.2575,0.3246,True,Whole-plant CV cannot resolve lesions; see class docstring,plant,172,12.929,0.0005,0.0602,133031,0.927,0.677
id3,20260328_100351_HDR.jpg,no,0.2841,0.3344,True,Whole-plant CV cannot resolve lesions; see class docstring,plant,146,10.003,0.015,0.041,145950,0.955,0.742
id3,20260328_100354_HDR.jpg,no,0.268,0.3314,True,Whole-plant CV cannot resolve lesions; see class docstring,plant,197,12.377,0.0122,0.0385,159163,0.947,0.81
id4,20260328_100551_HDR.jpg,no,0.4625,0.2064,True,Whole-plant CV cannot resolve lesions; see class docstring,plant,95,15.634,0.0441,0.0736,60766,0.59,0.309
id4,20260328_100554_HDR.jpg,no,0.5756,0.2119,True,Whole-plant CV cannot resolve lesions; see class docstring,plant,85,11.489,0.0475,0.13,73981,0.605,0.376
id4,20260328_100557_HDR.jpg,no,0.5341,0.2166,True,Whole-plant CV cannot resolve lesions; see class docstring,plant,75,9.382,0.0387,0.1325,79943,0.619,0.407
id4,20260328_100559_HDR.jpg,no,0.5235,0.2163,True,Whole-plant CV cannot resolve lesions; see class docstring,plant,91,10.298,0.0372,0.1249,88367,0.618,0.449
id4,20260328_100601_HDR.jpg,no,0.8544,0.224,True,Whole-plant CV cannot resolve lesions; see class docstring,plant,98,10.79,0.1142,0.1306,90823,0.64,0.462
id4,20260328_100603_HDR.jpg,no,0.8769,0.1929,True,Whole-plant CV cannot resolve lesions; see class docstring,plant,73,9.719,0.1162,0.1411,75111,0.551,0.382
id4,20260328_100607_HDR.jpg,no,0.8791,0.2116,True,Whole-plant CV cannot resolve lesions; see class docstring,plant,92,11.911,0.1305,0.1309,77240,0.605,0.393
id4,20260328_100615_HDR.jpg,no,0.5724,0.1502,True,Whole-plant CV cannot resolve lesions; see class docstring,plant,73,10.827,0.0541,0.1125,67422,0.429,0.343
id4,20260328_100618_HDR.jpg,no,0.5266,0.191,True,Whole-plant CV cannot resolve lesions; see class docstring,plant,109,12.25,0.0596,0.0732,88982,0.546,0.453
id5,20260328_100623_HDR.jpg,no,0.3514,0.2329,True,Whole-plant CV cannot resolve lesions; see class docstring,plant,98,14.413,0.0197,0.0682,67996,0.665,0.346
id5,20260328_100625_HDR.jpg,no,0.3596,0.2567,True,Whole-plant CV cannot resolve lesions; see class docstring,plant,100,13.796,0.0216,0.0683,72483,0.733,0.369
id5,20260328_100629_HDR.jpg,no,0.3565,0.2305,True,Whole-plant CV cannot resolve lesions; see class docstring,plant,104,14.938,0.0143,0.084,69622,0.658,0.354
id5,20260328_100632_HDR.jpg,no,0.3984,0.2363,True,Whole-plant CV cannot resolve lesions; see class docstring,plant,99,14.651,0.0192,0.0963,67570,0.675,0.344
id5,20260328_100637_HDR.jpg,no,0.4892,0.2458,True,Whole-plant CV cannot resolve lesions; see class docstring,plant,136,18.122,0.0337,0.1135,75046,0.702,0.382
id6,20260328_100646_HDR.jpg,no,0.5181,0.2367,True,Whole-plant CV cannot resolve lesions; see class docstring,plant,88,11.73,0.0609,0.0654,75019,0.676,0.382
id6,20260328_100649_HDR.jpg,no,0.6333,0.2445,True,Whole-plant CV cannot resolve lesions; see class docstring,plant,111,13.06,0.093,0.0547,84990,0.699,0.432
id6,20260328_100654_HDR.jpg,no,0.4299,0.2593,True,Whole-plant CV cannot resolve lesions; see class docstring,plant,141,15.778,0.0463,0.0498,89363,0.741,0.455
id6,20260328_100658_HDR.jpg,no,0.5278,0.1784,True,Whole-plant CV cannot resolve lesions; see class docstring,plant,90,13.331,0.0652,0.0606,67514,0.51,0.343
id6,20260328_100745_HDR.jpg,no,0.4185,0.2572,True,Whole-plant CV cannot resolve lesions; see class docstring,plant,85,10.815,0.0011,0.1508,78595,0.735,0.4
id6,20260328_100747_HDR.jpg,no,0.3609,0.2251,True,Whole-plant CV cannot resolve lesions; see class docstring,plant,67,9.838,0.0009,0.1198,68101,0.643,0.346
id6,20260328_100750_HDR.jpg,no,0.1591,0.1817,True,Whole-plant CV cannot resolve lesions; see class docstring,plant,32,16.005,0.0,0.0052,19994,0.519,0.102
id6,20260328_100759_HDR.jpg,no,0.4444,0.3028,True,Whole-plant CV cannot resolve lesions; see class docstring,plant,119,11.701,0.0089,0.147,101701,0.865,0.517
id6,20260328_100802_HDR.jpg,no,0.4519,0.2465,True,Whole-plant CV cannot resolve lesions; see class docstring,plant,77,9.705,0.0141,0.1415,79338,0.704,0.404
id6,20260328_100806_HDR.jpg,no,0.4558,0.245,True,Whole-plant CV cannot resolve lesions; see class docstring,plant,73,8.653,0.0256,0.1254,84368,0.7,0.429
id6,20260328_100810_HDR.jpg,no,0.1797,0.2928,True,Whole-plant CV cannot resolve lesions; see class docstring,plant,65,15.436,0.0,0.017,42110,0.837,0.214
id6,20260328_100813_HDR.jpg,no,0.1842,0.2841,True,Whole-plant CV cannot resolve lesions; see class docstring,plant,56,14.019,0.0028,0.013,39946,0.812,0.203
id6,20260328_100817_HDR.jpg,no,0.3001,0.2626,True,Whole-plant CV cannot resolve lesions; see class docstring,plant,127,18.384,0.0111,0.0594,69083,0.75,0.351
id6,20260328_100820_HDR.jpg,no,0.2656,0.3015,True,Whole-plant CV cannot resolve lesions; see class docstring,plant,104,14.296,0.0139,0.033,72750,0.861,0.37
id6,20260328_100824_HDR.jpg,no,0.3511,0.2261,True,Whole-plant CV cannot resolve lesions; see class docstring,plant,66,10.903,0.0269,0.0508,60534,0.646,0.308
id6,20260328_100827_HDR.jpg,no,0.3807,0.2118,True,Whole-plant CV cannot resolve lesions; see class docstring,plant,73,12.95,0.02,0.0841,56372,0.605,0.287
id6,20260328_100833.jpg,no,0.4015,0.3129,True,Whole-plant CV cannot resolve lesions; see class docstring,plant,94,13.433,0.0447,0.0373,69977,0.894,0.356
id6,20260328_100835.jpg,no,0.4223,0.3054,True,Whole-plant CV cannot resolve lesions; see class docstring,plant,79,11.143,0.048,0.0413,70895,0.873,0.361
id6,20260328_100838_HDR.jpg,no,0.4206,0.321,True,Whole-plant CV cannot resolve lesions; see class docstring,plant,105,14.172,0.0448,0.048,74088,0.917,0.377
id6,20260328_100843.jpg,no,0.821,0.3262,True,Whole-plant CV cannot resolve lesions; see class docstring,plant,116,11.554,0.1026,0.139,100395,0.932,0.511
id6,20260328_100845.jpg,no,0.7922,0.3096,True,Whole-plant CV cannot resolve lesions; see class docstring,plant,93,9.115,0.1036,0.1278,102025,0.884,0.519
id6,20260328_100847.jpg,no,0.6876,0.2597,True,Whole-plant CV cannot resolve lesions; see class docstring,plant,96,10.062,0.0627,0.1579,95411,0.742,0.485
id6,20260328_100849.jpg,no,0.6226,0.2242,True,Whole-plant CV cannot resolve lesions; see class docstring,plant,108,12.944,0.0299,0.1988,83438,0.64,0.424
id6,20260328_100851.jpg,no,0.602,0.2267,True,Whole-plant CV cannot resolve lesions; see class docstring,plant,76,9.229,0.0329,0.1866,82346,0.648,0.419
id6,20260328_100855.jpg,no,0.7885,0.2523,True,Whole-plant CV cannot resolve lesions; see class docstring,plant,67,7.408,0.0998,0.1494,90447,0.721,0.46
id6,20260328_100902.jpg,no,0.6585,0.2466,True,Whole-plant CV cannot resolve lesions; see class docstring,plant,113,15.873,0.0771,0.1069,71189,0.705,0.362
id6,20260328_100905.jpg,no,0.6792,0.2231,True,Whole-plant CV cannot resolve lesions; see class docstring,plant,71,11.665,0.0836,0.1033,60868,0.637,0.31
id6,20260328_100908.jpg,no,0.6092,0.2111,True,Whole-plant CV cannot resolve lesions; see class docstring,plant,97,14.198,0.067,0.103,68319,0.603,0.347
id6,20260328_100910.jpg,no,0.5825,0.2559,True,Whole-plant CV cannot resolve lesions; see class docstring,plant,96,11.022,0.0619,0.0998,87098,0.731,0.443
id6,20260328_100912.jpg,no,0.4702,0.2478,True,Whole-plant CV cannot resolve lesions; see class docstring,plant,119,14.077,0.0326,0.1053,84535,0.708,0.43
id6,20260328_100915.jpg,no,0.6741,0.2867,True,Whole-plant CV cannot resolve lesions; see class docstring,plant,67,12.657,0.0866,0.0932,52936,0.819,0.269
id6,20260328_100918.jpg,no,0.6912,0.3041,True,Whole-plant CV cannot resolve lesions; see class docstring,plant,71,11.126,0.0878,0.1001,63815,0.869,0.325
id6,20260328_100920.jpg,no,0.7377,0.2786,True,Whole-plant CV cannot resolve lesions; see class docstring,plant,75,12.053,0.089,0.1239,62223,0.796,0.316
id6,20260328_100926.jpg,no,0.6704,0.3129,True,Whole-plant CV cannot resolve lesions; see class docstring,plant,102,11.183,0.0746,0.1198,91208,0.894,0.464
id6,20260328_100929.jpg,no,0.6913,0.292,True,Whole-plant CV cannot resolve lesions; see class docstring,plant,125,14.177,0.0868,0.1026,88170,0.834,0.448
id7,20260328_101004_HDR.jpg,no,0.4027,0.2754,True,Whole-plant CV cannot resolve lesions; see class docstring,plant,81,9.958,0.0092,0.1229,81343,0.787,0.414
id7,20260328_101028_HDR.jpg,no,0.5169,0.231,True,Whole-plant CV cannot resolve lesions; see class docstring,plant,95,11.59,0.0198,0.1625,81964,0.66,0.417
id7,20260328_101031_HDR.jpg,no,0.5108,0.2456,True,Whole-plant CV cannot resolve lesions; see class docstring,plant,80,9.942,0.0165,0.1674,80468,0.702,0.409
id7,20260328_101033_HDR.jpg,no,0.4613,0.2777,True,Whole-plant CV cannot resolve lesions; see class docstring,plant,72,7.465,0.015,0.164,96454,0.794,0.491
id7,20260328_101038_HDR.jpg,no,0.4768,0.2587,True,Whole-plant CV cannot resolve lesions; see class docstring,plant,133,13.966,0.0335,0.107,95231,0.739,0.484
id7,20260328_101042_HDR.jpg,no,0.4803,0.2454,True,Whole-plant CV cannot resolve lesions; see class docstring,plant,104,11.199,0.0165,0.1496,92863,0.701,0.472
id7,20260328_101045_HDR.jpg,no,0.4989,0.2365,True,Whole-plant CV cannot resolve lesions; see class docstring,plant,128,13.323,0.0168,0.1595,96076,0.676,0.489
id7,20260328_101049_HDR.jpg,no,0.5455,0.2608,True,Whole-plant CV cannot resolve lesions; see class docstring,plant,160,13.89,0.0596,0.084,115193,0.745,0.586
id7,20260328_101056_HDR.jpg,no,0.7687,0.1552,True,Whole-plant CV cannot resolve lesions; see class docstring,plant,66,11.501,0.1037,0.1066,57386,0.443,0.292
id7,20260328_101059_HDR.jpg,no,0.703,0.1716,True,Whole-plant CV cannot resolve lesions; see class docstring,plant,76,12.233,0.0944,0.0911,62129,0.49,0.316
id7,20260328_101105_HDR.jpg,no,0.5614,0.237,True,Whole-plant CV cannot resolve lesions; see class docstring,plant,85,10.984,0.057,0.0994,77384,0.677,0.394
id7,20260328_101108_HDR.jpg,no,0.5249,0.2043,True,Whole-plant CV cannot resolve lesions; see class docstring,plant,59,8.045,0.0613,0.0851,73342,0.584,0.373
id7,20260328_101112_HDR.jpg,no,0.4539,0.2669,True,Whole-plant CV cannot resolve lesions; see class docstring,plant,66,7.66,0.0327,0.1158,86158,0.763,0.438
id7,20260328_101115_HDR.jpg,no,0.4579,0.2529,True,Whole-plant CV cannot resolve lesions; see class docstring,plant,80,10.096,0.0335,0.0962,79236,0.722,0.403
id7,20260328_101118_HDR.jpg,no,0.3971,0.2896,True,Whole-plant CV cannot resolve lesions; see class docstring,plant,96,12.794,0.0271,0.0767,75033,0.827,0.382
id7,20260328_101121_HDR.jpg,no,0.3986,0.2766,True,Whole-plant CV cannot resolve lesions; see class docstring,plant,80,12.489,0.0281,0.0753,64058,0.79,0.326
id7,20260328_101125_HDR.jpg,no,0.4153,0.217,True,Whole-plant CV cannot resolve lesions; see class docstring,plant,56,9.762,0.0465,0.043,57365,0.62,0.292
id7,20260328_101128_HDR.jpg,no,0.5579,0.2444,True,Whole-plant CV cannot resolve lesions; see class docstring,plant,60,10.485,0.0719,0.0618,57226,0.698,0.291
id7,20260328_101131_HDR.jpg,no,0.5878,0.2476,True,Whole-plant CV cannot resolve lesions; see class docstring,plant,68,11.133,0.0689,0.086,61078,0.707,0.311
id7,20260328_101138_HDR.jpg,no,0.553,0.2894,True,Whole-plant CV cannot resolve lesions; see class docstring,plant,69,9.122,0.0481,0.1232,75644,0.827,0.385
id7,20260328_101141_HDR.jpg,no,0.5531,0.3088,True,Whole-plant CV cannot resolve lesions; see class docstring,plant,59,7.219,0.0389,0.1617,81724,0.882,0.416
id7,20260328_101143_HDR.jpg,no,0.66,0.3317,True,Whole-plant CV cannot resolve lesions; see class docstring,plant,87,10.771,0.0558,0.1585,80775,0.948,0.411
id8,20260328_101154.jpg,yes,0.5426,0.2056,True,Whole-plant CV cannot resolve lesions; see class docstring,plant,110,11.983,0.043,0.122,91795,0.587,0.467
id8,20260328_101157.jpg,yes,0.5417,0.2079,True,Whole-plant CV cannot resolve lesions; see class docstring,plant,112,12.389,0.0446,0.1175,90401,0.594,0.46
id9,20260328_101259_HDR.jpg,no,0.4236,0.2572,True,Whole-plant CV cannot resolve lesions; see class docstring,plant,78,14.409,0.0,0.1563,54134,0.735,0.275
id9,20260328_101302_HDR.jpg,no,0.397,0.2765,True,Whole-plant CV cannot resolve lesions; see class docstring,plant,83,13.802,0.0,0.1411,60138,0.79,0.306
id9,20260328_101306_HDR.jpg,no,0.4476,0.2739,True,Whole-plant CV cannot resolve lesions; see class docstring,plant,72,11.946,0.0,0.1701,60273,0.783,0.307
id9,20260328_101310_HDR.jpg,no,0.5,0.3132,True,Whole-plant CV cannot resolve lesions; see class docstring,plant,118,13.733,0.0,0.2979,85923,0.895,0.437
id9,20260328_101326_HDR.jpg,no,0.3862,0.285,True,Whole-plant CV cannot resolve lesions; see class docstring,plant,121,16.526,0.0,0.1349,73220,0.814,0.372
id9,20260328_101330_HDR.jpg,no,0.3176,0.2864,True,Whole-plant CV cannot resolve lesions; see class docstring,plant,111,13.747,0.0,0.0957,80746,0.818,0.411
id9,20260328_101335_HDR.jpg,no,0.4804,0.3024,True,Whole-plant CV cannot resolve lesions; see class docstring,plant,91,13.506,0.0,0.1888,67376,0.864,0.343
id9,20260328_101340_HDR.jpg,no,0.5,0.3057,True,Whole-plant CV cannot resolve lesions; see class docstring,plant,97,15.887,0.0,0.2086,61058,0.873,0.311
id9,20260328_101344_HDR.jpg,no,0.4927,0.2853,True,Whole-plant CV cannot resolve lesions; see class docstring,plant,81,14.101,0.0,0.1958,57443,0.815,0.292
id9,20260328_101348_HDR.jpg,no,0.4552,0.3182,True,Whole-plant CV cannot resolve lesions; see class docstring,plant,101,16.95,0.0,0.1744,59588,0.909,0.303
id9,20260328_101354_HDR.jpg,no,0.466,0.2286,True,Whole-plant CV cannot resolve lesions; see class docstring,plant,80,15.132,0.0,0.1806,52867,0.653,0.269
id9,20260328_101359_HDR.jpg,no,0.3998,0.2813,True,Whole-plant CV cannot resolve lesions; see class docstring,plant,93,15.77,0.0,0.1427,58974,0.804,0.3
id9,20260328_101402_HDR.jpg,no,0.4113,0.2668,True,Whole-plant CV cannot resolve lesions; see class docstring,plant,89,14.381,0.0,0.1493,61888,0.762,0.315
id9,20260328_101405_HDR.jpg,no,0.3979,0.2817,True,Whole-plant CV cannot resolve lesions; see class docstring,plant,84,12.438,0.0001,0.1415,67536,0.805,0.344
id9,20260328_101408_HDR.jpg,no,0.4012,0.2545,True,Whole-plant CV cannot resolve lesions; see class docstring,plant,73,12.073,0.0,0.1436,60464,0.727,0.308
id9,20260328_101411_HDR.jpg,no,0.4643,0.301,True,Whole-plant CV cannot resolve lesions; see class docstring,plant,101,11.997,0.0032,0.1719,84186,0.86,0.428
id9,20260328_101413_HDR.jpg,no,0.4516,0.2819,True,Whole-plant CV cannot resolve lesions; see class docstring,plant,102,13.491,0.0133,0.1406,75607,0.805,0.385
id10,20260328_101426_HDR.jpg,no,0.2935,0.2956,True,Whole-plant CV cannot resolve lesions; see class docstring,plant,87,13.512,0.0188,0.0371,64387,0.845,0.327
id10,20260328_101428_HDR.jpg,no,0.3237,0.2947,True,Whole-plant CV cannot resolve lesions; see class docstring,plant,97,14.262,0.0093,0.0771,68012,0.842,0.346
id10,20260328_101516_HDR.jpg,no,0.3469,0.3081,True,Whole-plant CV cannot resolve lesions; see class docstring,plant,86,13.266,0.0085,0.0924,64825,0.88,0.33
id10,20260328_101521_HDR.jpg,no,0.2931,0.3129,True,Whole-plant CV cannot resolve lesions; see class docstring,plant,93,13.7,0.0137,0.0493,67882,0.894,0.345
id10,20260328_101523_HDR.jpg,no,0.293,0.2903,True,Whole-plant CV cannot resolve lesions; see class docstring,plant,103,14.012,0.0091,0.0601,73508,0.829,0.374
id10,20260328_101535_HDR.jpg,no,0.3104,0.2191,True,Whole-plant CV cannot resolve lesions; see class docstring,plant,71,10.998,0.0274,0.0264,64555,0.626,0.328
id10,20260328_101537_HDR.jpg,no,0.3021,0.2104,True,Whole-plant CV cannot resolve lesions; see class docstring,plant,87,13.028,0.0273,0.022,66777,0.601,0.34
id10,20260328_101822_HDR.jpg,no,0.4035,0.2377,True,Whole-plant CV cannot resolve lesions; see class docstring,plant,90,12.064,0.0253,0.0847,74601,0.679,0.379
id11,20260328_101831_HDR.jpg,yes,0.3665,0.2699,True,Whole-plant CV cannot resolve lesions; see class docstring,plant,117,16.138,0.0385,0.032,72499,0.771,0.369
id11,20260328_101834_HDR.jpg,yes,0.4473,0.2797,True,Whole-plant CV cannot resolve lesions; see class docstring,plant,95,13.377,0.0534,0.0428,71019,0.799,0.361
id11,20260328_101837_HDR.jpg,yes,0.4753,0.3068,True,Whole-plant CV cannot resolve lesions; see class docstring,plant,82,9.739,0.0455,0.0797,84199,0.877,0.428
id11,20260328_101840_HDR.jpg,yes,0.5265,0.3129,True,Whole-plant CV cannot resolve lesions; see class docstring,plant,98,11.656,0.0503,0.0954,84078,0.894,0.428
id11,20260328_101842_HDR.jpg,yes,0.5417,0.2914,True,Whole-plant CV cannot resolve lesions; see class docstring,plant,114,13.673,0.0381,0.1332,83378,0.832,0.424
id11,20260328_101854_HDR.jpg,yes,0.3365,0.2738,True,Whole-plant CV cannot resolve lesions; see class docstring,plant,88,11.771,0.0197,0.0597,74757,0.782,0.38
id11,20260328_101857_HDR.jpg,yes,0.3228,0.3093,True,Whole-plant CV cannot resolve lesions; see class docstring,plant,102,12.298,0.0224,0.0453,82941,0.884,0.422
id11,20260328_101902_HDR.jpg,yes,0.3351,0.251,True,Whole-plant CV cannot resolve lesions; see class docstring,plant,107,15.447,0.0112,0.079,69270,0.717,0.352
id11,20260328_101907_HDR.jpg,yes,0.4003,0.2228,True,Whole-plant CV cannot resolve lesions; see class docstring,plant,92,13.214,0.0227,0.0889,69624,0.636,0.354
id12,20260328_101924_HDR.jpg,yes,0.706,0.2791,True,Whole-plant CV cannot resolve lesions; see class docstring,plant,64,8.677,0.0693,0.1639,73755,0.797,0.375
id12,20260328_101927_HDR.jpg,yes,0.6612,0.2895,True,Whole-plant CV cannot resolve lesions; see class docstring,plant,75,9.483,0.0408,0.1994,79091,0.827,0.402
id12,20260328_101939_HDR.jpg,yes,0.8379,0.2712,True,Whole-plant CV cannot resolve lesions; see class docstring,plant,72,9.773,0.0939,0.1715,73672,0.775,0.375
id13,20260328_102209.jpg,yes,0.4642,0.2695,True,Whole-plant CV cannot resolve lesions; see class docstring,plant,150,14.562,0.0031,0.1721,103007,0.77,0.524
id13,20260328_102214.jpg,yes,0.4747,0.2723,True,Whole-plant CV cannot resolve lesions; see class docstring,plant,108,10.027,0.0395,0.0914,107713,0.778,0.548
id13,20260328_102218.jpg,yes,0.4152,0.2801,True,Whole-plant CV cannot resolve lesions; see class docstring,plant,102,9.269,0.0351,0.0741,110041,0.8,0.56
id13,20260328_102222.jpg,yes,0.3216,0.1898,True,Whole-plant CV cannot resolve lesions; see class docstring,plant,64,8.073,0.0224,0.0613,79274,0.542,0.403
id13,20260328_102223.jpg,yes,0.2971,0.2645,True,Whole-plant CV cannot resolve lesions; see class docstring,plant,76,8.083,0.0154,0.0637,94030,0.756,0.478
id13,20260328_102233.jpg,yes,0.5398,0.1962,True,Whole-plant CV cannot resolve lesions; see class docstring,plant,50,7.674,0.0454,0.1345,65152,0.561,0.331
id13,20260328_102243.jpg,yes,0.5243,0.2362,True,Whole-plant CV cannot resolve lesions; see class docstring,plant,68,9.707,0.0069,0.2977,70055,0.675,0.356
id14,20260328_102251.jpg,yes,0.5079,0.2521,True,Whole-plant CV cannot resolve lesions; see class docstring,plant,88,12.841,0.0019,0.2076,68529,0.72,0.349
id14,20260328_102254.jpg,yes,0.5055,0.2442,True,Whole-plant CV cannot resolve lesions; see class docstring,plant,70,11.775,0.0013,0.2982,59450,0.698,0.302
id14,20260328_102257.jpg,yes,0.6344,0.2499,True,Whole-plant CV cannot resolve lesions; see class docstring,plant,107,12.679,0.0968,0.0464,84391,0.714,0.429
id14,20260328_102307.jpg,yes,0.5003,0.2611,True,Whole-plant CV cannot resolve lesions; see class docstring,plant,95,14.64,0.0001,0.3497,64891,0.746,0.33
id14,20260328_102311.jpg,yes,0.5,0.1659,True,Whole-plant CV cannot resolve lesions; see class docstring,plant,70,12.442,0.0,0.3713,56260,0.474,0.286
id14,20260328_102316.jpg,yes,0.494,0.2449,True,Whole-plant CV cannot resolve lesions; see class docstring,plant,76,9.585,0.0001,0.3058,79288,0.7,0.403
id14,20260328_102322.jpg,yes,0.5356,0.1804,True,Whole-plant CV cannot resolve lesions; see class docstring,plant,67,9.965,0.0229,0.166,67234,0.515,0.342
id14,20260328_102329.jpg,yes,0.5124,0.2318,True,Whole-plant CV cannot resolve lesions; see class docstring,plant,78,11.918,0.003,0.2032,65448,0.662,0.333
id14,20260328_102354.jpg,yes,0.5126,0.1903,True,Whole-plant CV cannot resolve lesions; see class docstring,plant,65,11.135,0.003,0.2138,58374,0.544,0.297
id14,20260328_102357.jpg,yes,0.502,0.2755,True,Whole-plant CV cannot resolve lesions; see class docstring,plant,89,10.713,0.0005,0.2694,83078,0.787,0.423
id15,20260328_102959_HDR.jpg,no,0.5,0.1987,True,Whole-plant CV cannot resolve lesions; see class docstring,plant,77,13.558,0.0,0.27,56795,0.568,0.289
id15,20260328_103001_HDR.jpg,no,0.5,0.3016,True,Whole-plant CV cannot resolve lesions; see class docstring,plant,93,15.486,0.0,0.2348,60056,0.862,0.305
id15,20260328_103003_HDR.jpg,no,0.4899,0.2767,True,Whole-plant CV cannot resolve lesions; see class docstring,plant,61,14.885,0.0,0.1943,40982,0.791,0.208
id15,20260328_103005_HDR.jpg,no,0.5,0.2952,True,Whole-plant CV cannot resolve lesions; see class docstring,plant,59,12.687,0.0,0.2551,46504,0.843,0.237
id15,20260328_103007_HDR.jpg,no,0.3702,0.2643,True,Whole-plant CV cannot resolve lesions; see class docstring,plant,39,13.168,0.0,0.1258,29617,0.755,0.151
id15,20260328_103014_HDR.jpg,no,0.2765,0.2653,True,Whole-plant CV cannot resolve lesions; see class docstring,plant,47,12.413,0.0,0.0723,37863,0.758,0.193
id15,20260328_103016_HDR.jpg,no,0.3351,0.2715,True,Whole-plant CV cannot resolve lesions; see class docstring,plant,64,13.07,0.0,0.1058,48967,0.776,0.249
id15,20260328_103022_HDR.jpg,no,0.2733,0.2434,True,Whole-plant CV cannot resolve lesions; see class docstring,plant,45,11.66,0.0,0.0705,38594,0.695,0.196
id15,20260328_103024_HDR.jpg,no,0.3766,0.2585,True,Whole-plant CV cannot resolve lesions; see class docstring,plant,64,11.306,0.0,0.1295,56606,0.739,0.288
id15,20260328_103035_HDR.jpg,no,0.5001,0.1791,True,Whole-plant CV cannot resolve lesions; see class docstring,plant,70,13.191,0.0,0.3852,53065,0.512,0.27
id16,20260328_103202_HDR.jpg,yes,0.6539,0.2071,True,Whole-plant CV cannot resolve lesions; see class docstring,plant,52,8.005,0.0642,0.1522,64961,0.592,0.33
id16,20260328_103204_HDR.jpg,yes,0.523,0.2445,True,Whole-plant CV cannot resolve lesions; see class docstring,plant,68,12.058,0.0103,0.1886,56394,0.699,0.287
id16,20260328_103206_HDR.jpg,yes,0.501,0.2486,True,Whole-plant CV cannot resolve lesions; see class docstring,plant,87,13.856,0.0002,0.2609,62789,0.71,0.319
id16,20260328_103208_HDR.jpg,yes,0.501,0.2955,True,Whole-plant CV cannot resolve lesions; see class docstring,plant,75,13.498,0.0002,0.2347,55564,0.844,0.283
id16,20260328_103237_HDR.jpg,yes,0.4726,0.2951,True,Whole-plant CV cannot resolve lesions; see class docstring,plant,60,10.315,0.0029,0.1775,58167,0.843,0.296
id16,20260328_103239_HDR.jpg,yes,0.4684,0.2741,True,Whole-plant CV cannot resolve lesions; see class docstring,plant,68,10.033,0.0051,0.1698,67778,0.783,0.345
id16,20260328_103241_HDR.jpg,yes,0.4954,0.2785,True,Whole-plant CV cannot resolve lesions; see class docstring,plant,75,10.261,0.0074,0.1797,73089,0.796,0.372
id17,20260328_103614_HDR.jpg,no,0.3963,0.2869,True,Whole-plant CV cannot resolve lesions; see class docstring,plant,26,2.915,0.0006,0.261,89185,0.82,0.454
id17,20260328_103623_HDR.jpg,no,0.4849,0.3124,True,Whole-plant CV cannot resolve lesions; see class docstring,plant,81,8.996,0.0,0.3689,90040,0.892,0.458
id17,20260328_103626_HDR.jpg,no,0.484,0.3181,True,Whole-plant CV cannot resolve lesions; see class docstring,plant,91,8.932,0.0,0.2889,101884,0.909,0.518
id17,20260328_103629_HDR.jpg,no,0.4325,0.3154,True,Whole-plant CV cannot resolve lesions; see class docstring,plant,60,5.495,0.0,0.2382,109199,0.901,0.555
id17,20260328_103631_HDR.jpg,no,0.4424,0.3065,True,Whole-plant CV cannot resolve lesions; see class docstring,plant,65,6.16,0.0,0.2301,105515,0.876,0.537
id17,20260328_103635_HDR.jpg,no,0.4479,0.2759,True,Whole-plant CV cannot resolve lesions; see class docstring,plant,65,6.526,0.0,0.2607,99609,0.788,0.507
id17,20260328_103638_HDR.jpg,no,0.4624,0.2795,True,Whole-plant CV cannot resolve lesions; see class docstring,plant,70,7.459,0.0001,0.2544,93850,0.798,0.477
id17,20260328_103641_HDR.jpg,no,0.3153,0.1385,True,Whole-plant CV cannot resolve lesions; see class docstring,plant,12,2.308,0.0242,0.1028,51986,0.396,0.264
id17,20260328_103645_HDR.jpg,no,0.3645,0.2288,True,Whole-plant CV cannot resolve lesions; see class docstring,plant,43,5.15,0.0061,0.1496,83492,0.654,0.425
id17,20260328_103650_HDR.jpg,no,0.4776,0.3218,True,Whole-plant CV cannot resolve lesions; see class docstring,plant,87,8.509,0.0,0.2816,102239,0.919,0.52
id17,20260328_103653_HDR.jpg,no,0.4653,0.3178,True,Whole-plant CV cannot resolve lesions; see class docstring,plant,82,7.688,0.0,0.2494,106661,0.908,0.543
id17,20260328_103658_HDR.jpg,no,0.4514,0.3258,True,Whole-plant CV cannot resolve lesions; see class docstring,plant,77,6.761,0.0,0.2053,113893,0.931,0.579
id17,20260328_103704_HDR.jpg,no,0.4349,0.3201,True,Whole-plant CV cannot resolve lesions; see class docstring,plant,91,8.278,0.0002,0.177,109929,0.915,0.559
id17,20260328_103707_HDR.jpg,no,0.3668,0.3153,True,Whole-plant CV cannot resolve lesions; see class docstring,plant,74,6.945,0.0016,0.1462,106548,0.901,0.542
id17,20260328_103712_HDR.jpg,no,0.4216,0.2637,True,Whole-plant CV cannot resolve lesions; see class docstring,plant,42,4.548,0.0008,0.2255,92346,0.753,0.47
id18,20260328_103724.jpg,yes,0.4278,0.2229,True,Whole-plant CV cannot resolve lesions; see class docstring,plant,30,3.687,0.0234,0.157,81369,0.637,0.414
id18,20260328_103728_HDR.jpg,yes,0.3931,0.2953,True,Whole-plant CV cannot resolve lesions; see class docstring,plant,82,7.738,0.0078,0.1398,105966,0.844,0.539
id18,20260328_103730_HDR.jpg,yes,0.3784,0.2551,True,Whole-plant CV cannot resolve lesions; see class docstring,plant,56,8.034,0.0098,0.1241,69701,0.729,0.355
id18,20260328_103733_HDR.jpg,yes,0.5731,0.1934,True,Whole-plant CV cannot resolve lesions; see class docstring,plant,52,8.631,0.0605,0.1094,60251,0.552,0.306
id18,20260328_103734.jpg,yes,0.6454,0.1868,True,Whole-plant CV cannot resolve lesions; see class docstring,plant,59,11.447,0.0508,0.1622,51542,0.534,0.262
id18,20260328_103738_HDR.jpg,yes,0.5004,0.2184,True,Whole-plant CV cannot resolve lesions; see class docstring,plant,59,6.78,0.037,0.1397,87026,0.624,0.443
id18,20260328_103741_HDR.jpg,yes,0.4844,0.2075,True,Whole-plant CV cannot resolve lesions; see class docstring,plant,38,4.881,0.0309,0.1614,77846,0.593,0.396
id18,20260328_103745_HDR.jpg,yes,0.413,0.2506,True,Whole-plant CV cannot resolve lesions; see class docstring,plant,66,6.765,0.0262,0.1157,97565,0.716,0.496
id18,20260328_103749_HDR.jpg,yes,0.484,0.2764,True,Whole-plant CV cannot resolve lesions; see class docstring,plant,105,9.325,0.0457,0.0878,112597,0.79,0.573
id18,20260328_103752.jpg,yes,0.4285,0.2505,True,Whole-plant CV cannot resolve lesions; see class docstring,plant,67,7.678,0.0276,0.1133,87259,0.716,0.444
id19,20260328_103809.jpg,no,0.8037,0.2721,True,Whole-plant CV cannot resolve lesions; see class docstring,plant,79,10.483,0.0867,0.167,75359,0.778,0.383
id19,20260328_103824_HDR.jpg,no,0.4156,0.2413,True,Whole-plant CV cannot resolve lesions; see class docstring,plant,32,3.781,0.0032,0.1974,84641,0.69,0.431
id19,20260328_103827_HDR.jpg,no,0.4118,0.2373,True,Whole-plant CV cannot resolve lesions; see class docstring,plant,24,3.197,0.0033,0.203,75079,0.678,0.382
id19,20260328_103831_HDR.jpg,no,0.3763,0.2716,True,Whole-plant CV cannot resolve lesions; see class docstring,plant,14,1.744,0.0,0.2862,80283,0.776,0.408
id19,20260328_103834_HDR.jpg,no,0.3944,0.2454,True,Whole-plant CV cannot resolve lesions; see class docstring,plant,22,2.458,0.0018,0.2047,89486,0.701,0.455
id19,20260328_103839_HDR.jpg,no,0.4631,0.3146,True,Whole-plant CV cannot resolve lesions; see class docstring,plant,84,7.533,0.0,0.2296,111512,0.899,0.567
id19,20260328_103844_HDR.jpg,no,0.4214,0.2705,True,Whole-plant CV cannot resolve lesions; see class docstring,plant,57,6.744,0.0031,0.1756,84516,0.773,0.43
id19,20260328_103847_HDR.jpg,no,0.4053,0.2689,True,Whole-plant CV cannot resolve lesions; see class docstring,plant,50,6.195,0.0078,0.16,80712,0.768,0.411
id19,20260328_103851_HDR.jpg,no,0.2453,0.1727,True,Whole-plant CV cannot resolve lesions; see class docstring,plant,25,3.225,0.0223,0.0594,77518,0.493,0.394
id19,20260328_103857_HDR.jpg,no,0.4513,0.1809,True,Whole-plant CV cannot resolve lesions; see class docstring,plant,98,11.258,0.0533,0.0453,87048,0.517,0.443
id20,20260328_103909.jpg,no,0.3545,0.1827,True,Whole-plant CV cannot resolve lesions; see class docstring,plant,11,1.384,0.0032,0.1832,79468,0.522,0.404
id20,20260328_103913.jpg,no,0.436,0.2563,True,Whole-plant CV cannot resolve lesions; see class docstring,plant,57,4.932,0.0368,0.1193,115561,0.732,0.588
id20,20260328_103916_HDR.jpg,no,0.481,0.2438,True,Whole-plant CV cannot resolve lesions; see class docstring,plant,74,6.606,0.042,0.1183,112017,0.696,0.57
id20,20260328_103918.jpg,no,0.4555,0.216,True,Whole-plant CV cannot resolve lesions; see class docstring,plant,45,4.424,0.0409,0.1251,101725,0.617,0.517
id20,20260328_103920.jpg,no,0.4593,0.2738,True,Whole-plant CV cannot resolve lesions; see class docstring,plant,81,6.227,0.0329,0.1307,130073,0.782,0.662
id20,20260328_103924.jpg,no,0.4943,0.2402,True,Whole-plant CV cannot resolve lesions; see class docstring,plant,58,5.082,0.0525,0.1139,114119,0.686,0.58
id20,20260328_103926.jpg,no,0.4281,0.2665,True,Whole-plant CV cannot resolve lesions; see class docstring,plant,49,4.088,0.0397,0.1151,119865,0.761,0.61
id20,20260328_103928.jpg,no,0.4661,0.2331,True,Whole-plant CV cannot resolve lesions; see class docstring,plant,44,4.192,0.0516,0.1076,104959,0.666,0.534
id20,20260328_103930.jpg,no,0.4234,0.1964,True,Whole-plant CV cannot resolve lesions; see class docstring,plant,32,3.33,0.0485,0.0978,96098,0.561,0.489
id20,20260328_103933.jpg,no,0.3874,0.2131,True,Whole-plant CV cannot resolve lesions; see class docstring,plant,30,2.927,0.0426,0.0949,102510,0.609,0.521
id20,20260328_103935.jpg,no,0.3802,0.1808,True,Whole-plant CV cannot resolve lesions; see class docstring,plant,21,2.383,0.047,0.0848,88112,0.517,0.448
id20,20260328_103938.jpg,no,0.36,0.2471,True,Whole-plant CV cannot resolve lesions; see class docstring,plant,38,3.689,0.0499,0.0552,102997,0.706,0.524
id20,20260328_103940.jpg,no,0.3646,0.2026,True,Whole-plant CV cannot resolve lesions; see class docstring,plant,42,4.57,0.0461,0.0594,91904,0.579,0.467
id20,20260328_103944.jpg,no,0.4848,0.2332,True,Whole-plant CV cannot resolve lesions; see class docstring,plant,67,6.65,0.068,0.0582,100749,0.666,0.512
id20,20260328_103947.jpg,no,0.3384,0.2233,True,Whole-plant CV cannot resolve lesions; see class docstring,plant,33,3.618,0.0461,0.0527,91216,0.638,0.464
id20,20260328_103951.jpg,no,0.2838,0.2282,True,Whole-plant CV cannot resolve lesions; see class docstring,plant,46,4.762,0.0351,0.0379,96590,0.652,0.491
id20,20260328_104001_HDR.jpg,no,0.2574,0.244,True,Whole-plant CV cannot resolve lesions; see class docstring,plant,9,1.172,0.0079,0.1181,76771,0.697,0.39
id20,20260328_104003_HDR.jpg,no,0.336,0.2318,True,Whole-plant CV cannot resolve lesions; see class docstring,plant,13,1.671,0.008,0.1587,77804,0.662,0.396
id20,20260328_104006_HDR.jpg,no,0.3723,0.2456,True,Whole-plant CV cannot resolve lesions; see class docstring,plant,17,2.084,0.0053,0.1824,81581,0.702,0.415
id20,20260328_104010_HDR.jpg,no,0.3309,0.2372,True,Whole-plant CV cannot resolve lesions; see class docstring,plant,11,1.443,0.0052,0.1644,76204,0.678,0.388
id20,20260328_104021_HDR.jpg,no,0.2675,0.2444,True,Whole-plant CV cannot resolve lesions; see class docstring,plant,10,1.298,0.0065,0.1262,77013,0.698,0.392
id20,20260328_104025_HDR.jpg,no,0.3566,0.2442,True,Whole-plant CV cannot resolve lesions; see class docstring,plant,27,3.879,0.0068,0.1544,69603,0.698,0.354
id20,20260328_104029_HDR.jpg,no,0.4217,0.2477,True,Whole-plant CV cannot resolve lesions; see class docstring,plant,26,3.887,0.0032,0.2165,66898,0.708,0.34
id20,20260328_104032_HDR.jpg,no,0.396,0.24,True,Whole-plant CV cannot resolve lesions; see class docstring,plant,17,2.656,0.0015,0.2224,64011,0.686,0.326
id20,20260328_104035_HDR.jpg,no,0.396,0.2233,True,Whole-plant CV cannot resolve lesions; see class docstring,plant,20,3.007,0.0002,0.221,66512,0.638,0.338
id20,20260328_104038_HDR.jpg,no,0.4257,0.2414,True,Whole-plant CV cannot resolve lesions; see class docstring,plant,36,4.823,0.0008,0.2024,74646,0.69,0.38
id20,20260328_104041_HDR.jpg,no,0.2682,0.2605,True,Whole-plant CV cannot resolve lesions; see class docstring,plant,18,2.914,0.0054,0.1155,61775,0.744,0.314
id20,20260328_104046_HDR.jpg,no,0.2307,0.2835,True,Whole-plant CV cannot resolve lesions; see class docstring,plant,16,2.575,0.0063,0.0948,62125,0.81,0.316
id20,20260328_104048_HDR.jpg,no,0.3143,0.2331,True,Whole-plant CV cannot resolve lesions; see class docstring,plant,27,3.932,0.0084,0.1259,68669,0.666,0.349
id20,20260328_104051_HDR.jpg,no,0.3655,0.2271,True,Whole-plant CV cannot resolve lesions; see class docstring,plant,31,4.717,0.0087,0.1477,65713,0.649,0.334
id20,20260328_104056_HDR.jpg,no,0.3982,0.2628,True,Whole-plant CV cannot resolve lesions; see class docstring,plant,87,9.39,0.0263,0.0845,92649,0.751,0.471
id20,20260328_104059_HDR.jpg,no,0.3117,0.2294,True,Whole-plant CV cannot resolve lesions; see class docstring,plant,57,6.66,0.0226,0.0671,85589,0.655,0.435
id20,20260328_104113_HDR.jpg,no,0.2614,0.186,True,Whole-plant CV cannot resolve lesions; see class docstring,plant,29,4.113,0.0197,0.0672,70511,0.531,0.359
id20,20260328_104115_HDR.jpg,no,0.2377,0.2021,True,Whole-plant CV cannot resolve lesions; see class docstring,plant,32,4.134,0.0174,0.0591,77405,0.577,0.394
id20,20260328_104117_HDR.jpg,no,0.3009,0.2327,True,Whole-plant CV cannot resolve lesions; see class docstring,plant,45,4.659,0.028,0.0654,96590,0.665,0.491
id20,20260328_104119.jpg,no,0.3226,0.1992,True,Whole-plant CV cannot resolve lesions; see class docstring,plant,21,2.535,0.0323,0.0857,82834,0.569,0.421
id20,20260328_104122.jpg,no,0.4895,0.2469,True,Whole-plant CV cannot resolve lesions; see class docstring,plant,68,6.649,0.0549,0.0919,102266,0.705,0.52
id20,20260328_104124.jpg,no,0.417,0.258,True,Whole-plant CV cannot resolve lesions; see class docstring,plant,52,4.806,0.0533,0.0702,108199,0.737,0.55
id20,20260328_104130_HDR.jpg,no,0.2274,0.2153,True,Whole-plant CV cannot resolve lesions; see class docstring,plant,41,5.869,0.014,0.0462,69854,0.615,0.355
id20,20260328_104135.jpg,no,0.271,0.2466,True,Whole-plant CV cannot resolve lesions; see class docstring,plant,20,2.446,0.0387,0.0419,81759,0.705,0.416
id20,20260328_104139_HDR.jpg,no,0.3388,0.2208,True,Whole-plant CV cannot resolve lesions; see class docstring,plant,16,2.546,0.0075,0.1539,62853,0.631,0.32
id20,20260328_104142_HDR.jpg,no,0.4289,0.2802,True,Whole-plant CV cannot resolve lesions; see class docstring,plant,34,5.262,0.0,0.2819,64610,0.801,0.329
id20,20260328_104145_HDR.jpg,no,0.4066,0.242,True,Whole-plant CV cannot resolve lesions; see class docstring,plant,20,3.772,0.0,0.3253,53017,0.692,0.27
id20,20260328_104149_HDR.jpg,no,0.4211,0.2469,True,Whole-plant CV cannot resolve lesions; see class docstring,plant,25,4.741,0.0,0.3518,52737,0.705,0.268
id20,20260328_104158_HDR.jpg,no,0.4307,0.3205,True,Whole-plant CV cannot resolve lesions; see class docstring,plant,32,5.382,0.0,0.3306,59456,0.916,0.302
id20,20260328_104200_HDR.jpg,no,0.441,0.3169,True,Whole-plant CV cannot resolve lesions; see class docstring,plant,38,6.066,0.0,0.3421,62640,0.905,0.319
id20,20260328_104205_HDR.jpg,no,0.4742,0.3224,True,Whole-plant CV cannot resolve lesions; see class docstring,plant,56,8.281,0.0,0.3074,67621,0.921,0.344
id20,20260328_104208_HDR.jpg,no,0.4878,0.3113,True,Whole-plant CV cannot resolve lesions; see class docstring,plant,52,9.185,0.0,0.3874,56617,0.89,0.288
id20,20260328_104211_HDR.jpg,no,0.4513,0.3189,True,Whole-plant CV cannot resolve lesions; see class docstring,plant,41,6.754,0.0,0.3519,60708,0.911,0.309
id20,20260328_104214_HDR.jpg,no,0.4476,0.2876,True,Whole-plant CV cannot resolve lesions; see class docstring,plant,38,6.508,0.0,0.3048,58394,0.822,0.297
id21,20260328_104226_HDR.jpg,yes,0.2156,0.2518,True,Whole-plant CV cannot resolve lesions; see class docstring,plant,44,7.613,0.0077,0.0397,57798,0.719,0.294
id21,20260328_104229_HDR.jpg,yes,0.2585,0.2732,True,Whole-plant CV cannot resolve lesions; see class docstring,plant,76,11.404,0.0088,0.041,66644,0.78,0.339
id21,20260328_104233_HDR.jpg,yes,0.2605,0.2892,True,Whole-plant CV cannot resolve lesions; see class docstring,plant,107,11.322,0.0035,0.0548,94505,0.826,0.481
id21,20260328_104236_HDR.jpg,yes,0.2364,0.1458,True,Whole-plant CV cannot resolve lesions; see class docstring,plant,54,9.012,0.0016,0.0541,59917,0.417,0.305
id21,20260328_104239_HDR.jpg,yes,0.2519,0.2688,True,Whole-plant CV cannot resolve lesions; see class docstring,plant,111,11.068,0.001,0.0559,100289,0.768,0.51
id21,20260328_104242_HDR.jpg,yes,0.22,0.2892,True,Whole-plant CV cannot resolve lesions; see class docstring,plant,121,11.924,0.0012,0.0372,101478,0.826,0.516
id21,20260328_104246_HDR.jpg,yes,0.2487,0.2509,True,Whole-plant CV cannot resolve lesions; see class docstring,plant,106,12.202,0.0081,0.0372,86870,0.717,0.442
id21,20260328_104249_HDR.jpg,yes,0.2622,0.2672,True,Whole-plant CV cannot resolve lesions; see class docstring,plant,103,12.972,0.0135,0.0319,79404,0.764,0.404
id21,20260328_104252_HDR.jpg,yes,0.2311,0.2776,True,Whole-plant CV cannot resolve lesions; see class docstring,plant,99,10.399,0.0089,0.0251,95197,0.793,0.484
id21,20260328_104257_HDR.jpg,yes,0.2852,0.2629,True,Whole-plant CV cannot resolve lesions; see class docstring,plant,104,13.969,0.0031,0.07,74452,0.751,0.379
id21,20260328_104300_HDR.jpg,yes,0.2675,0.2659,True,Whole-plant CV cannot resolve lesions; see class docstring,plant,116,14.75,0.0008,0.0652,78643,0.76,0.4
id21,20260328_104333_HDR.jpg,yes,0.2834,0.2743,True,Whole-plant CV cannot resolve lesions; see class docstring,plant,71,10.047,0.0089,0.055,70671,0.784,0.359
id21,20260328_104336_HDR.jpg,yes,0.3087,0.2922,True,Whole-plant CV cannot resolve lesions; see class docstring,plant,78,10.932,0.0132,0.0593,71353,0.835,0.363
id21,20260328_104340_HDR.jpg,yes,0.2289,0.2453,True,Whole-plant CV cannot resolve lesions; see class docstring,plant,93,11.462,0.0104,0.0203,81139,0.701,0.413
id21,20260328_104344_HDR.jpg,yes,0.238,0.2512,True,Whole-plant CV cannot resolve lesions; see class docstring,plant,74,10.301,0.01,0.0265,71835,0.718,0.365
id22,20260328_104618_HDR.jpg,yes,0.2473,0.2686,True,Whole-plant CV cannot resolve lesions; see class docstring,plant,61,6.006,0.0064,0.0747,101570,0.767,0.517
id22,20260328_104619_HDR.jpg,yes,0.3011,0.2439,True,Whole-plant CV cannot resolve lesions; see class docstring,plant,77,8.315,0.0016,0.097,92599,0.697,0.471
id22,20260328_104623_HDR.jpg,yes,0.2488,0.2467,True,Whole-plant CV cannot resolve lesions; see class docstring,plant,37,3.983,0.0021,0.1031,92892,0.705,0.472
id22,20260328_104625_HDR.jpg,yes,0.2803,0.2528,True,Whole-plant CV cannot resolve lesions; see class docstring,plant,36,3.894,0.0011,0.1241,92439,0.722,0.47
id22,20260328_104628_HDR.jpg,yes,0.4361,0.3086,True,Whole-plant CV cannot resolve lesions; see class docstring,plant,74,7.484,0.0001,0.1849,98884,0.882,0.503
id22,20260328_104631_HDR.jpg,yes,0.2338,0.2646,True,Whole-plant CV cannot resolve lesions; see class docstring,plant,50,4.802,0.0082,0.0729,104127,0.756,0.53
id22,20260328_104636_HDR.jpg,yes,0.2837,0.1979,True,Whole-plant CV cannot resolve lesions; see class docstring,plant,76,8.986,0.0062,0.0703,84579,0.565,0.43
id22,20260328_104639_HDR.jpg,yes,0.3336,0.2431,True,Whole-plant CV cannot resolve lesions; see class docstring,plant,123,11.602,0.0255,0.0442,106012,0.695,0.539
id22,20260328_104643_HDR.jpg,yes,0.2728,0.2471,True,Whole-plant CV cannot resolve lesions; see class docstring,plant,133,13.318,0.0059,0.0562,99866,0.706,0.508
id22,20260328_104647_HDR.jpg,yes,0.2971,0.234,True,Whole-plant CV cannot resolve lesions; see class docstring,plant,131,14.23,0.003,0.0768,92060,0.668,0.468
id22,20260328_104652_HDR.jpg,yes,0.3002,0.2204,True,Whole-plant CV cannot resolve lesions; see class docstring,plant,93,12.175,0.0026,0.0797,76385,0.63,0.389
id22,20260328_104655_HDR.jpg,yes,0.3268,0.2432,True,Whole-plant CV cannot resolve lesions; see class docstring,plant,156,14.635,0.031,0.0273,106596,0.695,0.542
id22,20260328_104702_HDR.jpg,yes,0.2992,0.1977,True,Whole-plant CV cannot resolve lesions; see class docstring,plant,124,15.301,0.0233,0.0297,81040,0.565,0.412
id22,20260328_104712_HDR.jpg,yes,0.2385,0.2796,True,Whole-plant CV cannot resolve lesions; see class docstring,plant,220,19.264,0.0104,0.0259,114200,0.799,0.581
id23,20260328_105132.jpg,no,0.3101,0.3248,True,Whole-plant CV cannot resolve lesions; see class docstring,plant,89,14.524,0.025,0.0319,61278,0.928,0.312
id23,20260328_105134.jpg,no,0.2489,0.1482,True,Whole-plant CV cannot resolve lesions; see class docstring,plant,43,16.162,0.0131,0.0254,26606,0.423,0.135
id23,20260328_105137.jpg,no,0.2342,0.1353,True,Whole-plant CV cannot resolve lesions; see class docstring,plant,31,11.646,0.0076,0.0301,26618,0.386,0.135
id23,20260328_105140.jpg,no,0.2118,0.1229,True,Whole-plant CV cannot resolve lesions; see class docstring,plant,22,8.615,0.0022,0.0419,25536,0.351,0.13
id23,20260328_105141.jpg,no,0.24,0.1348,True,Whole-plant CV cannot resolve lesions; see class docstring,plant,35,12.869,0.0061,0.037,27197,0.385,0.138
id23,20260328_105144.jpg,no,0.2128,0.1335,True,Whole-plant CV cannot resolve lesions; see class docstring,plant,32,13.766,0.0051,0.0237,23245,0.381,0.118
id23,20260328_105146.jpg,no,0.2114,0.1378,True,Whole-plant CV cannot resolve lesions; see class docstring,plant,29,12.545,0.0044,0.0247,23117,0.394,0.118
id23,20260328_105148.jpg,no,0.1676,0.1302,True,Whole-plant CV cannot resolve lesions; see class docstring,plant,14,5.815,0.0077,0.0275,24075,0.372,0.122
id23,20260328_105158.jpg,no,0.442,0.2254,True,Whole-plant CV cannot resolve lesions; see class docstring,plant,96,14.601,0.0426,0.0655,65749,0.644,0.334
id23,20260328_105200.jpg,no,0.4097,0.239,True,Whole-plant CV cannot resolve lesions; see class docstring,plant,94,12.883,0.0306,0.0755,72967,0.683,0.371
id23,20260328_105204.jpg,no,0.3395,0.232,True,Whole-plant CV cannot resolve lesions; see class docstring,plant,81,12.903,0.0206,0.0593,62776,0.663,0.319
id23,20260328_105205.jpg,no,0.2988,0.2102,True,Whole-plant CV cannot resolve lesions; see class docstring,plant,66,10.72,0.0096,0.062,61567,0.601,0.313
id23,20260328_105207.jpg,no,0.3221,0.2512,True,Whole-plant CV cannot resolve lesions; see class docstring,plant,71,9.61,0.017,0.0613,73879,0.718,0.376
id23,20260328_105213.jpg,no,0.4177,0.1876,True,Whole-plant CV cannot resolve lesions; see class docstring,plant,80,13.403,0.0351,0.0695,59688,0.536,0.304
id23,20260328_105215.jpg,no,0.4349,0.2379,True,Whole-plant CV cannot resolve lesions; see class docstring,plant,89,12.096,0.0423,0.0621,73580,0.68,0.374
id23,20260328_105225_HDR.jpg,no,0.4146,0.2402,True,Whole-plant CV cannot resolve lesions; see class docstring,plant,83,11.568,0.0407,0.0544,71752,0.686,0.365
id23,20260328_105228_HDR.jpg,no,0.4094,0.2535,True,Whole-plant CV cannot resolve lesions; see class docstring,plant,97,11.935,0.0387,0.0561,81272,0.724,0.413
id23,20260328_105231_HDR.jpg,no,0.3953,0.2,True,Whole-plant CV cannot resolve lesions; see class docstring,plant,72,11.012,0.0316,0.0649,65386,0.572,0.333
id23,20260328_105235_HDR.jpg,no,0.4248,0.24,True,Whole-plant CV cannot resolve lesions; see class docstring,plant,100,12.251,0.0342,0.0757,81628,0.686,0.415
id23,20260328_105237.jpg,no,0.4196,0.2371,True,Whole-plant CV cannot resolve lesions; see class docstring,plant,89,11.115,0.0347,0.0716,80074,0.678,0.407
id23,20260328_105241.jpg,no,0.374,0.2256,True,Whole-plant CV cannot resolve lesions; see class docstring,plant,90,12.057,0.0186,0.0837,74645,0.644,0.38
id23,20260328_105245.jpg,no,0.5459,0.2049,True,Whole-plant CV cannot resolve lesions; see class docstring,plant,87,14.1,0.0792,0.0377,61704,0.585,0.314
id23,20260328_105307.jpg,no,0.375,0.3314,True,Whole-plant CV cannot resolve lesions; see class docstring,plant,103,13.812,0.0313,0.054,74571,0.947,0.379
id23,20260328_105310.jpg,no,0.3958,0.3351,True,Whole-plant CV cannot resolve lesions; see class docstring,plant,85,12.521,0.0375,0.0512,67888,0.957,0.345
id23,20260328_105415.jpg,no,0.4784,0.1513,True,Whole-plant CV cannot resolve lesions; see class docstring,plant,32,13.455,0.0421,0.0875,23783,0.432,0.121
id23,20260328_105420.jpg,no,0.3828,0.1726,True,Whole-plant CV cannot resolve lesions; see class docstring,plant,42,16.568,0.0277,0.067,25350,0.493,0.129
id23,20260328_105423_HDR.jpg,no,0.2806,0.2919,True,Whole-plant CV cannot resolve lesions; see class docstring,plant,54,10.832,0.0129,0.0439,49853,0.834,0.254
id24,20260328_105458_HDR.jpg,yes,0.2585,0.248,True,Whole-plant CV cannot resolve lesions; see class docstring,plant,58,10.213,0.014,0.0286,56791,0.709,0.289
id24,20260328_105500_HDR.jpg,yes,0.2428,0.2529,True,Whole-plant CV cannot resolve lesions; see class docstring,plant,55,9.935,0.0152,0.0173,55358,0.722,0.282
id24,20260328_105510_HDR.jpg,yes,0.2423,0.2957,True,Whole-plant CV cannot resolve lesions; see class docstring,plant,103,14.677,0.0058,0.0389,70176,0.845,0.357
id24,20260328_105519_HDR.jpg,yes,0.2606,0.3056,True,Whole-plant CV cannot resolve lesions; see class docstring,plant,96,9.161,0.0147,0.0354,104790,0.873,0.533
id24,20260328_105522_HDR.jpg,yes,0.2392,0.2666,True,Whole-plant CV cannot resolve lesions; see class docstring,plant,95,10.731,0.0158,0.0134,88528,0.762,0.45
id24,20260328_105527.jpg,yes,0.2895,0.2333,True,Whole-plant CV cannot resolve lesions; see class docstring,plant,84,10.459,0.0291,0.0105,80313,0.667,0.408
id24,20260328_105529_HDR.jpg,yes,0.2046,0.3148,True,Whole-plant CV cannot resolve lesions; see class docstring,plant,123,12.159,0.0061,0.0166,101157,0.899,0.515
id24,20260328_105532_HDR.jpg,yes,0.2575,0.252,True,Whole-plant CV cannot resolve lesions; see class docstring,plant,92,11.756,0.0047,0.0503,78255,0.72,0.398
id24,20260328_105537_HDR.jpg,yes,0.2791,0.2729,True,Whole-plant CV cannot resolve lesions; see class docstring,plant,89,12.321,0.0082,0.0543,72233,0.78,0.367
id24,20260328_105540_HDR.jpg,yes,0.2537,0.3159,True,Whole-plant CV cannot resolve lesions; see class docstring,plant,98,12.641,0.0029,0.0523,77525,0.902,0.394
id24,20260328_105543.jpg,yes,0.2678,0.3153,True,Whole-plant CV cannot resolve lesions; see class docstring,plant,93,10.819,0.0134,0.0355,85957,0.901,0.437
id24,20260328_105545.jpg,yes,0.3447,0.277,True,Whole-plant CV cannot resolve lesions; see class docstring,plant,95,12.414,0.0336,0.0312,76528,0.791,0.389
id24,20260328_105548.jpg,yes,0.3052,0.3015,True,Whole-plant CV cannot resolve lesions; see class docstring,plant,93,10.61,0.0216,0.0373,87651,0.861,0.446
id24,20260328_105555_HDR.jpg,yes,0.233,0.25,True,Whole-plant CV cannot resolve lesions; see class docstring,plant,65,9.333,0.0058,0.0393,69647,0.714,0.354
id24,20260328_105557.jpg,yes,0.2141,0.2791,True,Whole-plant CV cannot resolve lesions; see class docstring,plant,76,10.211,0.0039,0.0272,74433,0.798,0.379
id24,20260328_105604_HDR.jpg,yes,0.3369,0.2761,True,Whole-plant CV cannot resolve lesions; see class docstring,plant,94,9.52,0.0043,0.1006,98741,0.789,0.502
id25,IMG_3331.JPG,no,0.5152,0.2586,True,Whole-plant CV cannot resolve lesions; see class docstring,plant,82,10.333,0.0109,0.1828,79354,0.739,0.404
id25,IMG_3332.JPG,no,0.5225,0.2305,True,Whole-plant CV cannot resolve lesions; see class docstring,plant,61,9.222,0.0125,0.1899,66145,0.659,0.336
id25,IMG_3333.JPG,no,0.6034,0.2589,True,Whole-plant CV cannot resolve lesions; see class docstring,plant,70,8.496,0.0429,0.1699,82392,0.74,0.419
id25,IMG_3334.JPG,no,0.6264,0.2483,True,Whole-plant CV cannot resolve lesions; see class docstring,plant,69,8.564,0.0561,0.151,80567,0.709,0.41
id25,IMG_3335.JPG,no,0.5739,0.3139,True,Whole-plant CV cannot resolve lesions; see class docstring,plant,77,8.858,0.0317,0.1765,86928,0.897,0.442
id25,IMG_3336.JPG,no,0.4706,0.2373,True,Whole-plant CV cannot resolve lesions; see class docstring,plant,113,14.608,0.0119,0.1548,77354,0.678,0.393
id25,IMG_3337.JPG,no,0.3762,0.205,True,Whole-plant CV cannot resolve lesions; see class docstring,plant,116,15.88,0.0053,0.1168,73049,0.586,0.372
id25,IMG_3338.JPG,no,0.3604,0.2241,True,Whole-plant CV cannot resolve lesions; see class docstring,plant,121,15.292,0.0093,0.098,79128,0.64,0.402
id25,IMG_3339.JPG,no,0.4432,0.2638,True,Whole-plant CV cannot resolve lesions; see class docstring,plant,52,7.936,0.0228,0.1309,65526,0.754,0.333
id25,IMG_3340.JPG,no,0.4411,0.2577,True,Whole-plant CV cannot resolve lesions; see class docstring,plant,47,7.287,0.03,0.118,64497,0.736,0.328
id28,IMG_3350.JPG,no,0.4183,0.3065,True,Whole-plant CV cannot resolve lesions; see class docstring,plant,43,4.194,0.0013,0.2884,102538,0.876,0.522
id29,IMG_3373.JPG,no,0.586,0.2792,True,Whole-plant CV cannot resolve lesions; see class docstring,plant,81,12.096,0.0311,0.175,66963,0.798,0.341
id29,IMG_3374.JPG,no,0.6332,0.2852,True,Whole-plant CV cannot resolve lesions; see class docstring,plant,66,10.686,0.0445,0.1702,61765,0.815,0.314
id29,IMG_3375.JPG,no,0.4888,0.3368,True,Whole-plant CV cannot resolve lesions; see class docstring,plant,113,15.248,0.0149,0.158,74108,0.962,0.377
id30,IMG_3404.JPG,no,0.5,0.2636,True,Whole-plant CV cannot resolve lesions; see class docstring,plant,68,12.736,0.0,0.4456,53392,0.753,0.272
id30,IMG_3405.JPG,no,0.3853,0.1622,True,Whole-plant CV cannot resolve lesions; see class docstring,plant,6,2.311,0.0002,0.3231,25959,0.463,0.132
id30,IMG_3406.JPG,no,0.3997,0.1581,True,Whole-plant CV cannot resolve lesions; see class docstring,plant,8,3.315,0.0,0.41,24132,0.452,0.123
id30,IMG_3407.JPG,no,0.4287,0.3218,True,Whole-plant CV cannot resolve lesions; see class docstring,plant,31,5.049,0.0007,0.3739,61397,0.919,0.312
