leaf_area_px,isolation,coverage,hue_mean,hue_std,sat_mean,sat_std,val_mean,val_std,lab_a_mean,lab_b_mean,lab_a_std,lab_b_std,hue_below_med_frac,hue_iqr,val_iqr,sat_iqr,dark_rel_30,dark_rel_50,dark_rel_70,desat_rel_40,lesion_n_k9_c25,lesion_dens_k9_c25,lesion_n_k9_c40,lesion_dens_k9_c40,lesion_n_k15_c25,lesion_dens_k15_c25,lesion_n_k15_c40,lesion_dens_k15_c40,lesion_n_k25_c25,lesion_dens_k25_c25,lesion_n_k25_c40,lesion_dens_k25_c40,lap_var,edge_density,solidity,perim_area_ratio,sample_id,image_name,annotated
82140,0.9125754091257541,0.41778564453125,30.894521713256836,5.059863090515137,122.41822814941406,40.54117965698242,100.10447692871094,29.564125061035156,120.75684356689453,153.60084533691406,3.5142486095428467,10.626875877380371,0.01880934989043097,7.0,39.0,69.0,0.2151327002678354,0.06418310202093985,1.2174336498660823e-05,0.181263696128561,157,0.05085220355490626,57,0.015071828585342098,164,0.10642804967129292,129,0.0609082055028001,89,0.09175797419040663,138,0.09030922814706599,7583.0439453125,0.17791575359142928,0.6250151773263621,12.023452943115164,id1,20260328_100120_HDR.jpg,no
101173,0.8358641771315267,0.5145924886067709,30.072311401367188,6.1671881675720215,135.8590087890625,40.84914016723633,104.81633758544922,34.61492156982422,120.75433349609375,156.5405731201172,3.576195240020752,10.66427993774414,0.010882350034100007,5.0,40.0,63.0,0.18743142933391319,0.06967273877417889,3.953623990590375e-05,0.217291174522847,263,0.09144732290235537,136,0.03587913771460765,152,0.13039051920967057,190,0.1016180206181491,41,0.03442618089806569,148,0.11504057406620344,11328.251953125,0.22380477004734464,0.7567526445442689,9.105406115962163,id1,20260328_100126_HDR.jpg,no
112497,0.8248487736921216,0.5721893310546875,32.282432556152344,8.641033172607422,123.44011688232422,38.91146469116211,106.35694885253906,36.973731994628906,119.693603515625,154.41424560546875,4.462437152862549,11.30681324005127,0.009378027858520672,6.0,48.0,58.0,0.21460127825630906,0.064721725912691,0.00010666951118696498,0.16180875934469363,357,0.11746091006871294,206,0.042054454785460944,179,0.13131905739708613,262,0.12937233881792404,44,0.030294141177098055,120,0.07153079637679227,14140.310546875,0.2539623278842991,0.820375399718433,6.181766648390329,id1,20260328_100132_HDR.jpg,no
63141,0.9475793138637932,0.3211517333984375,31.87385368347168,6.014334678649902,113.4164047241211,33.3823127746582,117.0235366821289,26.32775115966797,119.50206756591797,155.35520935058594,3.3540377616882324,9.703648567199707,0.017658890419853978,6.0,28.0,51.0,0.14717853692529417,0.06860835273435643,0.005210560491598169,0.15916757732693496,81,0.03739250249441726,37,0.01534660521689552,91,0.06043616667458545,57,0.030788235853090703,72,0.07199759268937775,76,0.05052184792765398,8488.08984375,0.17060230278266103,0.5733074665051402,13.851407533819621,id1,20260328_100141_HDR.jpg,no
87954,0.9385764592892968,0.447357177734375,30.985151290893555,6.126716136932373,113.70751953125,34.53974533081055,115.3359146118164,27.887563705444336,120.28936767578125,154.96942138671875,3.4161500930786133,10.248401641845703,0.015655911044409578,5.0,39.0,56.0,0.16873593014530322,0.044716556381745,0.000864088046024058,0.18431225413284216,152,0.04792277781567637,62,0.015780976419492006,153,0.09856288514450735,111,0.05210678309116129,106,0.11176296700548013,127,0.08966050435454898,7483.1943359375,0.18159492461968757,0.7586901350798199,8.164287118297604,id1,20260328_100149_HDR.jpg,no
100979,0.7151031449836767,0.5136057535807291,29.714832305908203,4.4844160079956055,113.46694946289062,35.52676773071289,129.3536834716797,39.17616653442383,120.44395446777344,157.00355529785156,3.728713035583496,11.57827377319336,0.0069519405024807135,5.0,63.0,48.0,0.2415848839857792,0.10638845700591212,0.017577912239178442,0.09570306697432139,314,0.09655472920112103,147,0.038037611780667266,183,0.1625090365323483,242,0.12923479139226968,58,0.07360936432327514,156,0.16874795749611304,11815.8583984375,0.23093910615078383,0.8255728503111209,7.202662932780146,id1,20260328_100158_HDR.jpg,no
69357,0.8567352232721882,0.3527679443359375,31.829288482666016,4.83201789855957,93.38975524902344,25.947673797607422,131.50558471679688,29.667545318603516,119.75733947753906,152.81088256835938,2.5775904655456543,7.929132461547852,0.00735325922401488,5.0,41.0,34.0,0.15003532448058596,0.04047176204276425,0.002479922718687371,0.03787649408134723,60,0.025649898352004843,22,0.008074166991075162,99,0.06959643583199965,49,0.02821633000273945,72,0.08629265971711579,83,0.0681546202978791,3835.321533203125,0.14396528108193837,0.619088849566449,11.122140274195829,id2,20260328_100220_HDR.jpg,no
72320,0.8920575791590087,0.3678385416666667,31.805503845214844,5.05665922164917,91.84745788574219,25.786155700683594,132.09765625,29.824743270874023,119.84442901611328,152.55006408691406,2.728365659713745,8.153820991516113,0.008047566371681416,5.0,42.0,33.0,0.15524059734513274,0.03816371681415929,0.0010785398230088495,0.032425331858407076,88,0.032065818584070795,21,0.005835176991150442,109,0.09012721238938053,67,0.04123340707964602,80,0.1333241150442478,80,0.07426714601769911,3829.213623046875,0.14697179203539823,0.6090978235895324,13.077377277792547,id2,20260328_100222_HDR.jpg,no
66212,0.9095054945054946,0.3367716471354167,32.264678955078125,6.122970104217529,91.5845947265625,24.7891845703125,135.8367156982422,29.701065063476562,119.45443725585938,152.88812255859375,2.9881749153137207,8.014925956726074,0.007053102156708754,6.0,42.0,33.0,0.15278197305624358,0.04061197366036368,0.0027336434483175255,0.0316256871866127,59,0.02490485108439558,18,0.005844861958557361,87,0.05127469340904972,46,0.02780462755995892,80,0.08699329426690026,79,0.0640518335045007,4520.17919921875,0.1629009847157615,0.5811487120526845,15.598523662753312,id2,20260328_100224_HDR.jpg,no
69144,0.9453262786596119,0.3516845703125,33.17859649658203,6.660277843475342,90.04534149169922,23.50318145751953,138.75433349609375,27.73733901977539,118.7446060180664,152.7721710205078,3.3677494525909424,7.629873752593994,0.0054090015041073705,7.0,39.0,31.0,0.1317106328821011,0.02762351035520074,0.0009545296771954183,0.022402522272359133,58,0.019582320953372673,19,0.005148675228508619,97,0.0598895059585792,48,0.019726946662038645,82,0.07898009950248756,61,0.06652782598634734,4484.06103515625,0.14586948976049982,0.6482379045266065,13.567731975895843,id2,20260328_100226_HDR.jpg,no
75009,0.8477988132240746,0.3815155029296875,33.03394317626953,6.268385887145996,100.21026611328125,28.486557006835938,136.1466522216797,29.914825439453125,118.25926208496094,154.9338836669922,3.466996669769287,8.434381484985352,0.011211987894785959,6.0,43.0,41.0,0.14794224693036837,0.03391593008838939,0.002799664040315162,0.05303363596368436,68,0.02651681798184218,30,0.009052247063685692,90,0.060992680878294604,73,0.03843538775346959,64,0.07703075630924289,81,0.07639083310002799,5165.708984375,0.1538482048820808,0.5807397519161255,13.278132787157935,id2,20260328_100229_HDR.jpg,no
90155,0.8869158878504673,0.4585520426432292,32.67692184448242,5.67303991317749,105.6702880859375,31.794647216796875,127.82360076904297,31.598909378051758,118.55441284179688,155.08169555664062,3.5281035900115967,9.335227966308594,0.009949531362653209,6.0,45.0,45.0,0.16082302700904,0.043159003937662914,0.0012533969275137264,0.07431645499417669,112,0.03792357606344629,35,0.007930785868781542,125,0.10639454273196162,103,0.0439687205368532,75,0.08652875603127946,110,0.11505740114247684,5368.44384765625,0.15814985303089124,0.7015802276432253,10.148832082909424,id2,20260328_100231_HDR.jpg,no
128330,0.9076891520076955,0.6527201334635416,33.430625915527344,5.01658821105957,129.69830322265625,38.277530670166016,101.4695053100586,27.31247901916504,118.1906509399414,155.2668914794922,3.871890068054199,10.261337280273438,0.04763500350658459,8.0,33.0,52.0,0.08121249902594872,0.0033507363827631888,0.0,0.1599470116106912,269,0.06336008727499416,91,0.016535494428426712,263,0.14952855918335542,206,0.07056806670303124,127,0.09099976622769422,213,0.1477207200187018,7394.13671875,0.1884282708641783,0.8637879960502789,5.818361805530669,id3,20260328_100258_HDR.jpg,no
135396,0.9417214397496088,0.68865966796875,32.69537353515625,4.545907020568848,138.5129852294922,39.6175422668457,103.83003234863281,28.988767623901367,118.08210754394531,157.45535278320312,3.9462532997131348,10.651287078857422,0.05074743714733079,7.0,35.0,56.0,0.0913173210434577,0.007755029690685101,0.0,0.17208041596502113,301,0.07156045968861709,120,0.019498360365151114,272,0.14453898194924517,238,0.08567461372566398,96,0.081870956305947,215,0.14040296611421313,7413.06884765625,0.18784897633608083,0.8787994696869014,5.553136524296222,id3,20260328_100300_HDR.jpg,no
139077,0.936438252859942,0.7073822021484375,32.275875091552734,4.735046863555908,144.21987915039062,43.0195426940918,109.3155746459961,31.103792190551758,117.95491027832031,159.60401916503906,4.107430458068848,11.520136833190918,0.022426425649100856,8.0,39.0,62.0,0.1077388784630097,0.01713439317787988,0.0,0.21123550263523083,309,0.07139929679242434,137,0.026215693464771313,268,0.1278788009519906,252,0.09106466202175773,105,0.08291809573114174,212,0.11418135277580045,7708.6689453125,0.18767301566757982,0.8277860877034492,6.618750061629534,id3,20260328_100302_HDR.jpg,no
132836,0.9106839247518236,0.6756388346354166,32.05463790893555,4.29939079284668,142.02359008789062,39.787837982177734,128.09812927246094,35.90122985839844,116.91133117675781,163.66162109375,4.203997611999512,12.511088371276855,0.014491553494534614,7.0,49.0,54.0,0.14837845162455962,0.045371736577433826,0.003846848745821916,0.17608178505826733,320,0.08749887078803939,174,0.03487006534373212,229,0.1330889216778584,268,0.11507422686621097,83,0.06615676473245205,191,0.13509139088801228,7750.1826171875,0.19764973350597728,0.8543481641578358,5.663202629156331,id3,20260328_100304_HDR.jpg,no
132929,0.9266444524997909,0.6761118570963541,32.60395431518555,4.549238681793213,154.72747802734375,42.79861068725586,118.25172424316406,35.8271598815918,116.4984130859375,163.80581665039062,4.431804180145264,12.338046073913574,0.01478985022079456,7.0,45.0,58.0,0.12375027270196871,0.030760782071632225,0.0005265969051147605,0.19784245725161553,293,0.07220395850416388,141,0.025758111473041998,204,0.128647623919536,217,0.08412009418561789,88,0.05454791655695898,162,0.12369761301145725,7193.232421875,0.18385754801435353,0.8557819112923668,6.2127756906571925,id3,20260328_100308_HDR.jpg,no
144630,0.9467916573927389,0.735626220703125,32.07060623168945,4.3986124992370605,134.43870544433594,40.46125411987305,131.91860961914062,37.971290588378906,117.0531997680664,162.44375610351562,4.365594387054443,12.184532165527344,0.01729240129986863,7.0,53.0,57.0,0.19587222567931964,0.06421212749775289,0.015072944755583212,0.18774804673995713,417,0.10375440779921179,250,0.04214893175689691,247,0.18433243448800388,309,0.12736638318467813,60,0.04128465740164558,195,0.1466293300145198,10530.9482421875,0.21761736845744314,0.8477833099355033,7.212196064330422,id3,20260328_100351_HDR.jpg,no
60766,0.5898351808351614,0.3090718587239583,31.031597137451172,6.265958786010742,137.83505249023438,59.998291015625,135.38092041015625,44.924137115478516,119.65434265136719,162.02105712890625,3.334069013595581,14.926047325134277,0.002353289668564658,8.0,59.0,100.0,0.2475561991903367,0.12385215416515814,0.043725109436197875,0.24915248658789454,70,0.034591712470789585,35,0.01574893855116348,79,0.10417009511898101,62,0.05649540861666063,43,0.07593061909620512,53,0.07989665273343646,5718.7392578125,0.1602376328868117,0.7064584949573313,8.797749623392336,id4,20260328_100551_HDR.jpg,no
73986,0.6055144982690466,0.376312255859375,33.02970886230469,8.563695907592773,139.17080688476562,56.1821403503418,126.21233367919922,46.18075942993164,118.73357391357422,161.41661071777344,3.936600923538208,16.41643714904785,0.00671748709215257,10.0,65.0,87.0,0.243978590544157,0.1386208201551645,0.0475360203281702,0.21779796177655233,131,0.06086286594761171,81,0.03623658529992161,104,0.13585002568053414,131,0.13947233260346553,36,0.07578460789879167,56,0.11623820722839456,13751.9599609375,0.2001730057037818,0.6553102754008773,8.608690590869703,id4,20260328_100554_HDR.jpg,no
80048,0.6196145212477746,0.4071451822916667,33.34720230102539,8.69490909576416,142.19464111328125,57.521324157714844,123.94023895263672,45.905757904052734,118.517578125,161.36932373046875,3.8828139305114746,16.1466121673584,0.006683489906056366,9.0,63.0,92.0,0.23703278033180092,0.1264866080351789,0.038689286428143115,0.25024985008994605,136,0.06301219268438937,90,0.03735258844693184,99,0.11887867279632221,115,0.11360683589846092,32,0.05776534079552269,49,0.10071457125724566,15009.791015625,0.19618229062562462,0.6518069917681877,10.430160846275676,id4,20260328_100557_HDR.jpg,no
87310,0.6106832854215191,0.4440816243489583,33.56808090209961,8.243890762329102,151.14486694335938,56.896484375,125.35713958740234,45.87617492675781,117.6634521484375,163.5122528076172,4.252279281616211,16.498260498046875,0.0025426640705532013,10.0,66.0,93.0,0.24816172259764058,0.13006528461802772,0.03992669797274081,0.2737487114878021,146,0.060817775741610354,104,0.0378307181307983,114,0.14932997365708395,142,0.1276142480815485,35,0.03516206620089337,52,0.0996449433054633,16288.0126953125,0.20054976520444392,0.6981477656131653,9.529411632032563,id4,20260328_100559_HDR.jpg,no
90972,0.640918698041426,0.46270751953125,32.509674072265625,5.974602222442627,155.76629638671875,56.91794967651367,136.2503662109375,51.89382553100586,116.92845153808594,166.49668884277344,5.042164325714111,16.9041805267334,0.006969177329288132,8.0,86.0,89.0,0.3196478037198259,0.21856175526535637,0.11403508771929824,0.278316405047707,202,0.09286373829310117,140,0.04780591830453326,123,0.16088466780987556,171,0.1467484500725498,39,0.05038913072154069,82,0.1311612364243943,16671.244140625,0.2138020489821044,0.7527390816109746,9.091296172239332,id4,20260328_100601_HDR.jpg,no
85499,0.6273130145127445,0.4348704020182292,32.09613037109375,6.136149883270264,152.4581756591797,57.53711700439453,132.34011840820312,51.18404769897461,117.58231353759766,164.76254272460938,4.783003807067871,15.785964012145996,0.007684300401174283,8.0,79.0,90.0,0.29558240447256695,0.19421279781050071,0.09652744476543586,0.2822489151919905,172,0.08005941589960117,118,0.04533386355395969,105,0.15634100983637236,150,0.15464508356822887,22,0.021181534286950725,76,0.13920630650650884,17264.865234375,0.2183534310342811,0.6435773798971813,9.787234389301476,id4,20260328_100603_HDR.jpg,no
67930,0.6646966153605292,0.3455098470052083,39.84428024291992,12.502935409545898,97.59037017822266,30.68014907836914,124.0373306274414,34.6011962890625,116.04692840576172,151.16445922851562,4.619890213012695,9.986983299255371,0.16986603856911525,11.0,50.0,39.0,0.21389665832474605,0.08220226703959958,0.019711467687325186,0.06561165906079788,142,0.06449286029736494,76,0.024407478286471367,103,0.10222287649050493,114,0.07035183276902694,66,0.10086854114529663,80,0.09818931252760195,10405.70703125,0.22324451641395554,0.5679858910978982,13.22608819621446,id5,20260328_100623_HDR.jpg,no
72483,0.7334257497875096,0.3686676025390625,39.764137268066406,11.873682022094727,98.49888610839844,31.238628387451172,124.1764144897461,34.62752914428711,115.95567321777344,151.4286651611328,4.363165855407715,9.88460636138916,0.19777051170619317,10.0,49.0,40.0,0.2094008250210394,0.08268145634148696,0.02159126967702772,0.06476001269263137,150,0.06925761902790999,93,0.031359077300884344,132,0.14457183063614917,125,0.08705489563069961,67,0.09741594580798256,96,0.12415324972752231,12342.9326171875,0.22580467144019978,0.5645143544660508,12.858070746624207,id5,20260328_100625_HDR.jpg,no
69696,0.6591323920218651,0.3544921875,39.15956497192383,10.91219711303711,107.31535339355469,33.13858413696289,119.80347442626953,34.44289016723633,115.55935668945312,153.10324096679688,4.277440071105957,10.275544166564941,0.1431646005509642,9.0,49.0,45.0,0.20830463728191,0.077063246097337,0.014261937557392104,0.0894742883379247,96,0.043259297520661155,47,0.016084136822773185,89,0.09504132231404959,87,0.052944214876033055,67,0.09039256198347108,82,0.0872073002754821,6720.91064453125,0.1858786730945822,0.6944046375310879,9.460734599254495,id5,20260328_100629_HDR.jpg,no
69964,0.6991436080382928,0.3558553059895833,36.94269943237305,9.235712051391602,110.0379638671875,34.589359283447266,118.37446594238281,36.421485900878906,116.45970916748047,154.003173828125,4.214836120605469,10.565793991088867,0.08438625578869133,8.0,53.0,48.0,0.2298467783431479,0.08767366073980905,0.0182379509462009,0.10466811503058716,83,0.03597564461723172,41,0.012949516894402836,76,0.07418100737522154,69,0.05391344119833057,70,0.09437710822708821,73,0.09061803213081013,5566.44677734375,0.16642844891658568,0.6124809994794378,12.685264035460806,id5,20260328_100632_HDR.jpg,no
77596,0.7260920013474567,0.3946736653645833,37.533531188964844,9.02340030670166,110.07941436767578,37.24843215942383,119.61143493652344,37.05527877807617,116.01768493652344,153.80250549316406,4.343776226043701,10.452508926391602,0.0992319191710913,8.0,55.0,51.0,0.22877467910717048,0.1093484200216506,0.030220629929377803,0.0954301768132378,94,0.03199907211711944,34,0.010812413010979948,113,0.08017165833290375,78,0.03635496675086344,74,0.09126759111294397,88,0.08167946801381515,4462.91943359375,0.16897778235991545,0.7564418859649122,7.459636460030135,id5,20260328_100637_HDR.jpg,no
75025,0.6764676711118325,0.3815968831380208,31.112789154052734,5.664435386657715,132.52149963378906,52.25297546386719,140.44973754882812,44.45372772216797,117.99250793457031,162.26263427734375,5.427703857421875,13.277002334594727,0.020473175608130622,7.0,71.0,82.0,0.29563478840386537,0.14967010996334554,0.0608863712095968,0.19310896367877375,147,0.07878707097634122,126,0.053622125958013994,90,0.08,139,0.12055981339553482,38,0.05599466844385205,69,0.08910363212262579,16680.501953125,0.23601466177940686,0.5675093646606131,13.60602183107972,id6,20260328_100646_HDR.jpg,no
68102,0.6432727547511996,0.3463846842447917,34.32632064819336,8.664365768432617,126.22518920898438,45.28255844116211,106.50763702392578,33.97098922729492,118.63701629638672,154.6748809814453,4.112930774688721,11.195441246032715,0.08165692637514317,9.0,44.0,69.0,0.11660450500719509,0.01825203371413468,0.0008810313940853426,0.1942967901089542,128,0.055270036122287154,72,0.02518281401427271,91,0.11335937270564742,113,0.08689906316995095,27,0.027238553933805174,69,0.082288332207571,15012.24609375,0.196073536753693,0.6001939094795293,13.749164928915578,id6,20260328_100747_HDR.jpg,no
42110,0.83657819453274,0.21418253580729166,31.645689010620117,6.478446006774902,88.84756469726562,22.367206573486328,117.13600158691406,26.405725479125977,120.9356918334961,149.65338134765625,2.5695817470550537,7.242852687835693,0.016718119211588698,6.0,41.0,26.0,0.12032771313227263,0.008620280218475421,0.0,0.03661838043220138,30,0.01918784136784612,14,0.007551650439325576,44,0.05715981952030397,25,0.022512467347423414,49,0.09126098313939682,45,0.07399667537402042,5638.9365234375,0.15884587983851817,0.4150582782899753,14.91751353057873,id6,20260328_100810_HDR.jpg,no
55010,0.5904324399746697,0.2797953287760417,33.612308502197266,12.051755905151367,124.08314514160156,44.4962158203125,122.624267578125,40.18516159057617,118.86835479736328,157.05421447753906,3.861595392227173,11.93024730682373,0.009998182148700236,7.0,66.0,64.0,0.2503544810034539,0.07427740410834394,0.020141792401381566,0.18609343755680785,70,0.04304671877840393,43,0.020232684966369752,71,0.08598436647882203,64,0.040483548445737136,42,0.05704417378658426,39,0.09463733866569715,10624.6865234375,0.1823123068532994,0.4330688377938496,12.980507603576044,id6,20260328_100827_HDR.jpg,no
101991,0.8841565962168628,0.5187530517578125,33.56904220581055,6.128662586212158,134.1393585205078,41.65299606323242,131.41647338867188,46.600738525390625,115.70864868164062,160.93338012695312,5.661625385284424,11.161162376403809,0.050984890823700134,6.0,73.0,55.0,0.2966242119402692,0.19088939220127266,0.10364640017256424,0.14399309743016542,251,0.10154817581943505,193,0.05390671725936602,135,0.0928317204459217,197,0.11533370591522782,63,0.057789412791324726,136,0.10898020413565902,12792.9716796875,0.22323538351423164,0.753453273468415,8.071175792070665,id6,20260328_100845.jpg,no
71190,0.7046352109748493,0.362091064453125,33.16604995727539,6.368403911590576,129.75794982910156,46.68037033081055,133.88815307617188,46.535099029541016,116.39048767089844,160.54769897460938,5.773322105407715,12.832938194274902,0.06826801517067003,7.0,76.0,69.0,0.29627756707402725,0.16534625649669898,0.0771456665261975,0.19049023739289225,166,0.08168282062087372,126,0.047970220536592216,96,0.12191319005478297,120,0.098244135412277,49,0.06652619749964883,68,0.10132041016996769,16786.447265625,0.26197499648827083,0.5421993784879408,15.762052329925536,id6,20260328_100902.jpg,no
78996,0.7641988565458397,0.40179443359375,32.93689727783203,8.503625869750977,118.64457702636719,45.46115493774414,114.2601547241211,40.383026123046875,119.37503051757812,154.900390625,4.098938941955566,12.291305541992188,0.020013671578307763,8.0,51.0,67.0,0.1915286849967087,0.06690212162641146,0.00949415160261279,0.16705909159957466,178,0.09333383968808548,136,0.04825560787887994,105,0.1362347460630918,124,0.1074611372727733,33,0.03731834523267001,67,0.0803331814269077,15619.1484375,0.2190490657754823,0.6133998281594382,11.707387721042021,id7,20260328_101004_HDR.jpg,no
96583,0.7946209665476445,0.4912465413411458,33.05837631225586,8.140886306762695,137.23324584960938,48.77043533325195,111.3018569946289,42.614776611328125,118.51573944091797,157.32196044921875,4.485065937042236,11.927655220031738,0.01644181688288829,8.0,53.0,73.0,0.20083244463311348,0.08321340194444157,0.01511653189484692,0.2442251742024994,262,0.08452833314351386,174,0.05313564498928383,131,0.1446631394758912,198,0.13841980472754004,40,0.053187413934129193,92,0.11332222026650653,17179.908203125,0.24258927554538584,0.6731242706527532,10.484890500525793,id7,20260328_101033_HDR.jpg,no
96081,0.6756846087849336,0.4886932373046875,32.3404541015625,8.696484565734863,133.26539611816406,50.26723098754883,117.08208465576172,47.69163513183594,119.17575073242188,157.6886444091797,4.246441841125488,12.389628410339355,0.007410414129744695,8.0,63.0,79.0,0.22191692426182075,0.08826927280107409,0.01676710275704874,0.22383197510433905,242,0.07622734984023896,123,0.03287850875823524,180,0.14609548193711555,180,0.11042765999521237,72,0.05709765718508342,139,0.15060209614804176,7122.47998046875,0.21444406282199394,0.7495830849450276,7.195733946171753,id7,20260328_101045_HDR.jpg,no
61148,0.48253657612727074,0.3110148111979167,31.22051429748535,7.5268330574035645,134.6756591796875,52.361419677734375,143.8466339111328,51.67107009887695,118.04513549804688,163.57005310058594,5.494765281677246,15.809805870056152,0.022437365081441746,7.0,78.0,86.0,0.29500556027997643,0.1808562831163734,0.0945738208935697,0.2607280696016223,131,0.07851442402040949,91,0.038660299600968145,72,0.1151959181003467,115,0.11228494799502846,29,0.06284751749852815,59,0.09576764571204291,9553.8896484375,0.2143487930921698,0.6553060366963911,9.640854225183867,id7,20260328_101059_HDR.jpg,no
84754,0.7501150564661734,0.4310811360677083,30.625764846801758,5.455410003662109,134.8394317626953,52.349430084228516,124.57678985595703,44.87351608276367,119.53812408447266,159.5982666015625,4.367708206176758,13.72490406036377,0.013356301767468203,6.0,62.0,79.0,0.23447860867923637,0.10997711022488614,0.03249404157915851,0.2716803926658329,190,0.10490360336975246,182,0.07886353446445006,83,0.0897774736295632,124,0.10314557425018288,35,0.06836255515963849,57,0.08353588031243363,21920.384765625,0.2489558014960946,0.6794931873531145,9.799139221968822,id7,20260328_101112_HDR.jpg,no
64060,0.7903178049743387,0.3258260091145833,35.32638168334961,9.199830055236816,113.86665344238281,39.663902282714844,127.84595489501953,39.19562911987305,116.89167785644531,156.4072723388672,4.654553413391113,12.398530006408691,0.03118950983453013,9.0,54.0,57.0,0.2339993755853887,0.10694661255073369,0.028051826412738057,0.1861067748985326,133,0.08034655010927255,100,0.04341242585076491,89,0.08890103028410865,117,0.10132688104901655,45,0.04778332812987824,72,0.0817358726194193,15351.501953125,0.23053387449266313,0.6157915448114262,13.295847166972322,id7,20260328_101121_HDR.jpg,no
86912,0.5561727289016305,0.4420572916666667,33.21613693237305,5.375129222869873,145.8429718017578,41.098365783691406,122.09083557128906,39.0690803527832,115.7959213256836,162.39913940429688,5.049459934234619,11.500982284545898,0.05308818114874816,6.0,58.0,52.0,0.24105992268041238,0.1330656296023564,0.047530835787923414,0.14521585051546393,163,0.056378865979381444,107,0.02812039764359352,131,0.0939571060382916,130,0.06512334315169367,77,0.06091218703976436,102,0.09546437776141384,4967.5126953125,0.17831829896907217,0.7860085927595436,7.401919456340828,id8,20260328_101154.jpg,yes
82619,0.5428175343617776,0.4202219645182292,33.47425079345703,5.120666980743408,148.55987548828125,42.49077224731445,121.54174041748047,39.614830017089844,115.47869110107422,162.75881958007812,5.142973899841309,11.771852493286133,0.11694646509882714,7.0,59.0,55.0,0.24493155327467048,0.13141045038066304,0.04462653868964766,0.15799029278979412,156,0.05663346203657754,94,0.02521211827787797,130,0.11554242970745228,125,0.07103692855154384,54,0.0453890751522047,95,0.1127585664314504,5313.2705078125,0.1901015504908072,0.8253675463427997,5.810605685199131,id8,20260328_101157.jpg,yes
54124,0.734691661350093,0.2752888997395833,34.499149322509766,11.762755393981934,100.771728515625,34.5364990234375,96.9758529663086,30.944873809814453,120.90956115722656,147.59242248535156,3.058323383331299,7.621218204498291,0.00727958022319119,7.0,33.0,49.0,0.07732244475648511,0.012120316310693963,0.0,0.12519399896533887,108,0.05993644224373661,69,0.030781169167097777,88,0.10390954105387629,91,0.09247284014485256,42,0.07510531372404108,54,0.10972951001404183,13865.3779296875,0.22391175818490872,0.7264934605867798,9.855953480929998,id9,20260328_101259_HDR.jpg,no
60357,0.7836739463502038,0.3069915771484375,33.22885513305664,10.421618461608887,107.66172790527344,34.978599548339844,96.40702819824219,30.50225067138672,120.96734619140625,149.1701202392578,3.0148844718933105,7.7998480796813965,0.008134930496876915,7.0,33.0,50.0,0.10065112580148118,0.016054475868581938,0.0,0.12742515366900276,135,0.07347946385671919,86,0.031479364448199876,95,0.1095316201931839,120,0.09818248090528026,38,0.04544626141126961,76,0.1386748844375963,13825.193359375,0.2242656195635966,0.6447169250090888,10.135110860641502,id9,20260328_101306_HDR.jpg,no
73212,0.8142085010787606,0.37237548828125,39.14235305786133,17.630231857299805,119.57611083984375,39.6480827331543,100.80110168457031,35.711029052734375,118.57877349853516,149.52520751953125,4.3791303634643555,10.524737358093262,0.09419220892749823,9.0,38.0,67.0,0.06686062394143037,0.013235535158170792,1.3658963011528165e-05,0.2552723597224499,71,0.02618423209309949,35,0.008755395290389554,90,0.060345298584931435,66,0.031620499371687705,83,0.10177293339889636,90,0.08643391793695022,3802.782958984375,0.13585204611265914,0.5091979564441085,15.692640169144866,id9,20260328_101326_HDR.jpg,no
67317,0.8632376702315919,0.3423919677734375,33.68280029296875,10.24935245513916,105.83463287353516,34.288597106933594,93.74725341796875,30.037315368652344,121.03082275390625,148.26019287109375,2.925396203994751,7.591063499450684,0.007709790988903249,7.0,32.0,50.0,0.08109392872528484,0.009403271090512056,0.0,0.1284816613931102,133,0.06363919960782566,76,0.028551480309580046,100,0.1130026590608613,106,0.09431495758872202,62,0.09606785804477323,81,0.08252001723190279,11719.8974609375,0.21832523731004055,0.6893951799994541,11.163060848365536,id9,20260328_101335_HDR.jpg,no
57581,0.8170994749538811,0.2928721110026042,35.056617736816406,9.827171325683594,99.27066040039062,31.035045623779297,91.96394348144531,27.809001922607422,120.53401184082031,146.81155395507812,2.9937171936035156,6.912674903869629,0.032962261857209844,7.0,29.0,43.0,0.07026623365346207,0.0032475990344037094,0.0,0.09721956895503725,99,0.05010333269654921,44,0.017488407634462758,112,0.14063666834546118,94,0.07929699032667026,40,0.07971379448081832,72,0.15027526441013528,12274.8134765625,0.1959153192893489,0.775146684612311,7.905708346176072,id9,20260328_101344_HDR.jpg,no
52870,0.653191831086841,0.2689107259114583,35.56684494018555,11.184945106506348,100.41887664794922,34.357276916503906,93.10005950927734,28.929794311523438,120.4505615234375,146.82901000976562,3.2372028827667236,7.2791619300842285,0.04556459239644411,9.0,29.0,49.0,0.0696425193871761,0.005277094760733876,0.0,0.13209759788159636,93,0.05889918668432003,49,0.029241535842632872,88,0.10943824475127671,86,0.09818422545867221,36,0.08519008889729525,60,0.11306979383393229,14511.21484375,0.1939852468318517,0.7272444588173835,9.190686289696377,id9,20260328_101354_HDR.jpg,no
64387,0.8445525853249036,0.3274892171223958,39.15492248535156,12.219808578491211,81.77963256835938,22.811458587646484,129.60694885253906,29.887134552001953,117.5614013671875,148.74990844726562,3.6481447219848633,7.917582988739014,0.08916396166928106,8.0,39.0,26.0,0.17140105922002888,0.06993647786043766,0.018839206672154316,0.06417444515197167,139,0.06939288986907295,88,0.03033220991815118,104,0.12226070480065852,128,0.07791945579076522,48,0.07998509015795113,107,0.11401369841738239,11281.138671875,0.22440865392082252,0.7416619293734777,11.430502586880024,id10,20260328_101426_HDR.jpg,no
68103,0.8431510919625613,0.3463897705078125,38.63731384277344,12.081352233886719,86.82510375976562,24.752124786376953,116.27583312988281,30.104087829589844,118.19800567626953,148.2246856689453,3.700021266937256,8.03215503692627,0.12369499141007004,9.0,38.0,29.0,0.16586640823458584,0.06497511122858024,0.009294744724901986,0.07782329706474017,154,0.07407896862105928,106,0.03904380130097059,118,0.11351922822783138,136,0.07745620604084989,62,0.09460669867700396,108,0.10371055606948298,11287.267578125,0.22759643481197597,0.7578378323087467,10.625610235662801,id10,20260328_101428_HDR.jpg,no
64825,0.8802482211721253,0.3297170003255208,38.45689010620117,13.467949867248535,100.06297302246094,37.272132873535156,121.35230255126953,38.892086029052734,117.95614624023438,152.25634765625,4.096533298492432,13.477788925170898,0.2317161588893174,12.0,57.0,48.0,0.19990744311608175,0.06586964905514847,0.00846895487851909,0.10644041650597763,168,0.0947473968376398,106,0.04930196683378326,106,0.09155418434246047,138,0.09374469726185886,34,0.05500964134207482,90,0.08637099884303895,17714.09765625,0.2622753567296568,0.5656765979076482,13.717628615887476,id10,20260328_101516_HDR.jpg,no
67997,0.8955693701762242,0.3458506266276042,38.12919616699219,12.834174156188965,82.3433837890625,23.308015823364258,124.5135498046875,29.616830825805664,118.46550750732422,148.39682006835938,3.480569362640381,7.901867389678955,0.06462049796314544,8.0,39.0,26.0,0.1707281203582511,0.0689736311896113,0.015427151197846965,0.06801770666352927,155,0.06544406370869303,89,0.029913084400782386,127,0.10722531876406312,123,0.06479697633719135,72,0.10590173095871877,114,0.10121034751533156,10353.2265625,0.21662720414135916,0.7412984352883775,11.448729454780086,id10,20260328_101521_HDR.jpg,no
72793,0.8212206678700361,0.3702443440755208,38.53786849975586,11.821871757507324,86.69432830810547,24.871753692626953,118.30199432373047,28.77727508544922,118.07299041748047,148.48855590820312,3.563648223876953,7.7988667488098145,0.11135686123665738,9.0,37.0,29.0,0.14501394364842773,0.05176321899083703,0.008819529350349622,0.07639470828238978,156,0.06322036459549682,92,0.02864286401164947,129,0.11821191598093224,138,0.07013036967840314,55,0.07938950173780446,106,0.1133762861813636,11009.0361328125,0.2098416056488948,0.674980648130714,11.255832452111774,id10,20260328_101523_HDR.jpg,no
64552,0.6258313458592675,0.3283284505208333,38.031463623046875,11.58047866821289,83.22445678710938,23.811317443847656,139.2789306640625,29.82124137878418,117.3033218383789,150.56141662597656,3.7390708923339844,8.090197563171387,0.06069525343908787,8.0,36.0,26.0,0.16069215516173008,0.06955632668236461,0.02740426322964432,0.06215144379724873,96,0.05002168794150452,69,0.023577890692774817,64,0.05896021811872599,88,0.0522679390259016,42,0.07897508985004338,68,0.0903922419134961,9264.3447265625,0.18182240674185154,0.7327331111906479,10.636325890986324,id10,20260328_101535_HDR.jpg,no
71593,0.7614575467182864,0.3641408284505208,36.436912536621094,11.022465705871582,106.50054931640625,35.61347198486328,145.55029296875,35.3210563659668,115.3261489868164,157.12205505371094,5.596923828125,10.611547470092773,0.06499238752391993,8.0,44.0,47.0,0.19735169639489894,0.09134971296076431,0.039109968851703376,0.1110304080007822,190,0.08984118559077005,118,0.04054865699160533,122,0.10538739820932214,143,0.10510804128895283,64,0.053873982093221404,116,0.10168591901442879,11745.080078125,0.2589079937982764,0.47186708244007014,16.628380611110675,id11,20260328_101831_HDR.jpg,yes
71025,0.7991021703176157,0.3612518310546875,37.25944519042969,12.497865676879883,108.2083740234375,37.258644104003906,145.49948120117188,37.587425231933594,114.79291534423828,156.92996215820312,6.464797019958496,11.163819313049316,0.13661386835621261,10.0,47.0,49.0,0.21721928898275256,0.11011615628299895,0.05336149243224217,0.12277367124252024,190,0.08998240056318198,141,0.04687082013375572,125,0.12422386483632523,160,0.09569869764167546,62,0.037733192537838786,115,0.10789158746920098,12805.8935546875,0.2564730728616684,0.6326063681562852,11.593582481088253,id11,20260328_101834_HDR.jpg,yes
81780,0.8513251858174928,0.41595458984375,36.61990737915039,10.539669036865234,124.9146728515625,40.48566436767578,129.12744140625,36.62393569946289,114.7580795288086,158.26217651367188,6.337015628814697,10.676263809204102,0.16397652237710933,10.0,50.0,56.0,0.2223648813890927,0.11088285644411837,0.0446441672780631,0.15562484715089264,167,0.07311078503301541,113,0.039594032770848615,109,0.08289312790413304,135,0.08530202983614575,55,0.04474199070677427,104,0.0896551724137931,6959.75732421875,0.22794081682562975,0.5803677441180177,11.01565715360972,id11,20260328_101837_HDR.jpg,yes
84299,0.8962639278727567,0.4287668863932292,36.37871170043945,10.999289512634277,123.5548095703125,39.7607421875,126.1824722290039,38.31814956665039,115.49154663085938,157.1745147705078,6.218959331512451,10.385719299316406,0.11205352376659272,11.0,52.0,56.0,0.231212707149551,0.12264676923806925,0.05015480610683401,0.14700055753923535,169,0.060748051578310536,107,0.034021755892715215,106,0.06408142445343361,138,0.08137700328592273,59,0.04276444560433695,102,0.09504264582023511,7195.31591796875,0.22077367465806239,0.6340514177534116,11.270788562946493,id11,20260328_101840_HDR.jpg,yes
87725,0.8758311535312794,0.4461924235026042,34.80885696411133,9.70872974395752,141.08497619628906,40.60311508178711,116.04393005371094,36.74763488769531,115.87678527832031,159.1481170654297,6.461362361907959,10.92396068572998,0.06839555428897122,10.0,52.0,57.0,0.2326816756910801,0.11358221715588487,0.03507552009119407,0.16809347392419494,152,0.05135366201196922,73,0.01821601595896267,131,0.1153377030493018,123,0.06545454545454546,88,0.08490168139070961,106,0.10960387574807637,3139.94384765625,0.18275292106013108,0.5823862045798107,11.16258492675052,id11,20260328_101842_HDR.jpg,yes
74933,0.7842281527995814,0.3811289469401042,34.34288024902344,11.2923002243042,122.85769653320312,38.9246940612793,121.27073669433594,30.388507843017578,117.7459716796875,157.36495971679688,4.649283409118652,11.40803050994873,0.03516474717414223,7.0,32.0,48.0,0.13469365966930458,0.05643708379485674,0.019644215499179267,0.17041890755741795,130,0.05087211242042892,76,0.02013798993767766,117,0.0912948901018243,123,0.08113915097487089,51,0.04622796364752512,83,0.06928856445090947,13412.369140625,0.210881721004097,0.5304426956067474,15.467407839346357,id11,20260328_101854_HDR.jpg,yes
73794,0.7978937352680405,0.375335693359375,32.05829620361328,8.845587730407715,150.37286376953125,60.77885055541992,127.00990295410156,50.014068603515625,119.89531707763672,164.6875,3.7675254344940186,20.310148239135742,0.005379841179499688,8.0,85.0,99.0,0.33428191993929046,0.20700869989430035,0.06930102718378188,0.27893866710030624,136,0.07259397783017589,81,0.035544895248936226,89,0.09668807762148685,91,0.0827167520394612,39,0.06683470200829336,69,0.09515678781472749,19853.9453125,0.2194622869067946,0.688941364342929,11.563142044857903,id12,20260328_101924_HDR.jpg,yes
79319,0.8295838432012383,0.4034372965494792,32.337459564208984,8.75340747833252,149.44085693359375,60.570552825927734,119.21511840820312,48.23192596435547,120.1356201171875,162.9263916015625,3.5297605991363525,19.588109970092773,0.004904247406043949,9.0,78.0,100.0,0.31440134141882775,0.17875918758431145,0.041541118773559926,0.2849506423429443,117,0.0691385418373908,84,0.03672512260618515,93,0.1165168496829259,107,0.09817319935954816,26,0.04819778363317742,69,0.12213971431813311,18340.96875,0.20386036132578575,0.6286722487128592,12.591389297932414,id12,20260328_101927_HDR.jpg,yes
72260,0.7599756000084138,0.3675333658854167,30.100553512573242,6.146087169647217,159.3925323486328,56.53537368774414,130.2565460205078,52.158512115478516,120.06532287597656,167.0851593017578,3.9332334995269775,19.759029388427734,0.008414060337669527,5.0,88.0,88.0,0.34267921394962636,0.2255189593135898,0.09875449764738445,0.2689731525048436,153,0.09002214226404649,111,0.04670633822308331,94,0.121076667589261,119,0.10572931082203155,27,0.048283974536396344,70,0.07967063382230834,20555.67578125,0.23725435925823415,0.6344610758547363,10.860646652701076,id12,20260328_101939_HDR.jpg,yes
103296,0.7720640994977278,0.525390625,44.74318313598633,19.019197463989258,146.37872314453125,50.85059356689453,106.74563598632812,36.80485534667969,113.78498840332031,153.02024841308594,6.568088054656982,13.848973274230957,0.23329073729863692,15.0,55.0,77.0,0.17079073729863692,0.033737995662949195,0.003126936183395291,0.23814087670384138,174,0.06382628562577447,102,0.0269807156133829,142,0.08801889714993805,130,0.07053516109045849,73,0.08466929987608426,106,0.08836741016109045,7211.00146484375,0.17393703531598512,0.7045079427410893,9.841224984820885,id13,20260328_102209.jpg,yes
108720,0.7852427521053924,0.552978515625,40.85636520385742,15.67987060546875,135.2280731201172,46.096126556396484,129.0981903076172,44.27003479003906,113.15071868896484,157.0283660888672,7.035444259643555,12.924745559692383,0.18216519499632083,11.0,68.0,72.0,0.262518395879323,0.12091611479028698,0.04126195732155997,0.23917402501839588,217,0.08586276674025019,186,0.061451434878587195,111,0.08969830757910228,187,0.1183682855040471,48,0.04772810890360559,101,0.0949963208241354,17685.474609375,0.21287711552612215,0.6450184603137568,12.464373278706848,id13,20260328_102214.jpg,yes
108317,0.7877886468598858,0.5509287516276041,37.132408142089844,12.389228820800781,137.90966796875,45.745487213134766,129.53115844726562,42.04930114746094,114.6725082397461,159.86593627929688,5.937595367431641,11.941553115844727,0.13851011383254705,10.0,65.0,70.0,0.2552692559801324,0.10732387344553486,0.035636142064495877,0.2282097916301227,238,0.0844558102606239,177,0.05051838584894338,132,0.1348449458533748,173,0.11332477819732821,67,0.06360959036900948,104,0.09454656240479334,13851.31640625,0.21072407839951254,0.6354526713671403,11.928946814140327,id13,20260328_102218.jpg,yes
78414,0.5363144539665821,0.398834228515625,35.46296691894531,10.471044540405273,148.20779418945312,52.371639251708984,130.20628356933594,41.52397918701172,114.70521545410156,162.30404663085938,6.043308258056641,11.750371932983398,0.04538730328767822,9.0,63.0,82.0,0.22243476930140027,0.07939908689774786,0.02263626393246104,0.23416736807202795,166,0.09122095544163032,120,0.04511949396791389,74,0.09055780855459485,93,0.09336342999974494,39,0.045718876731195957,60,0.08763741168668861,15133.7060546875,0.2139796464916979,0.5841635827082728,10.59076034884688,id13,20260328_102222.jpg,yes
93839,0.7541206252260216,0.4772898356119792,34.544410705566406,8.74438762664795,138.37255859375,51.01084518432617,125.76042175292969,40.742462158203125,116.04969024658203,159.21115112304688,5.170807838439941,9.105232238769531,0.041070343886870066,8.0,62.0,80.0,0.1908481548183591,0.05922910516949243,0.01548396722045205,0.23913298308805508,213,0.10764181203977025,195,0.07608776734619935,97,0.120429672097955,170,0.14979912403158602,39,0.05156704568463006,79,0.10277176866761155,27065.234375,0.23184390285488976,0.612466824886439,12.660524784323194,id13,20260328_102223.jpg,yes
64985,0.559078082521766,0.3305308024088542,35.00680160522461,13.607057571411133,160.3500518798828,56.63480758666992,129.5103302001953,54.306640625,116.23385620117188,161.93458557128906,6.687289714813232,16.132402420043945,0.011987381703470032,8.0,74.0,79.0,0.25322766792336693,0.13378471955066554,0.04557974917288605,0.26646149111333384,157,0.1260752481341848,170,0.10326998538124182,62,0.11893513887820266,88,0.12213587751019465,14,0.009740709394475648,18,0.03522351311841194,30625.734375,0.24648765099638378,0.6381626682811179,11.323583540773642,id13,20260328_102233.jpg,yes
68516,0.7202581811683328,0.3484903971354167,41.357215881347656,18.34241485595703,132.2202606201172,43.17314529418945,100.10604858398438,36.845237731933594,116.5649185180664,150.38949584960938,6.703895092010498,11.402079582214355,0.20312043902154242,11.0,42.0,61.0,0.17143440948099714,0.04432541304220912,0.0018973670383560044,0.18080448362426293,70,0.027570202580419173,29,0.008640317590051958,76,0.08189328040165801,59,0.04352268083367389,46,0.09936365228559753,58,0.0824624905131648,5245.29736328125,0.14609726195341236,0.6367679320276785,8.659050843745801,id14,20260328_102251.jpg,yes
61136,0.7174239579421705,0.3109537760416667,40.77029800415039,18.821500778198242,137.66786193847656,44.119388580322266,91.80049133300781,35.56733322143555,117.6216812133789,149.65184020996094,6.733270645141602,11.135966300964355,0.07908597225857106,11.0,43.0,61.0,0.18951190787751898,0.023554043444124574,0.0013576288929599582,0.18691114891389687,49,0.028951845066736457,21,0.009274404606124052,57,0.0630397801622612,46,0.03856974613975399,38,0.1177538602460089,49,0.0813105208060717,5806.0966796875,0.13713687516356973,0.7270099581038577,7.547001820235354,id14,20260328_102254.jpg,yes
84627,0.7159886967410065,0.4304351806640625,39.669952392578125,19.102842330932617,119.61102294921875,39.5471076965332,154.92141723632812,43.06621551513672,113.98207092285156,156.7019805908203,8.327506065368652,16.136215209960938,0.022002434211303722,9.0,66.0,49.0,0.2840582792725726,0.17559407754026493,0.0974984343058362,0.1110402117527503,113,0.048885107589776315,69,0.021293440627695653,121,0.0902666997530339,99,0.05957909414253134,72,0.09298450849019817,98,0.11270634667422927,4547.6669921875,0.1505547874791733,0.5859642176972907,11.30283701716928,id14,20260328_102257.jpg,yes
64949,0.7466432151561135,0.3303476969401042,41.90455627441406,16.338146209716797,136.76675415039062,47.69041442871094,88.96394348144531,36.49858856201172,116.76709747314453,149.6298065185547,6.185637474060059,11.611855506896973,0.19696993025296772,12.0,51.0,65.0,0.2070855594389444,0.01239434017459853,6.158678347626599e-05,0.2216046436434741,77,0.033272259773052704,38,0.014257340374755578,84,0.06622118893285502,77,0.035766524503841476,59,0.097014580670988,75,0.0853438852022356,6314.755859375,0.17327441531047438,0.5791841719304192,11.225513711498927,id14,20260328_102307.jpg,yes
56375,0.4749408166875879,0.2867380777994792,40.7670783996582,13.505766868591309,134.9456787109375,42.26412582397461,89.32963562011719,38.31432342529297,116.30705261230469,149.77784729003906,4.849063873291016,9.04585075378418,0.10706873614190687,5.0,37.0,55.0,0.05154767184035477,0.00010643015521064301,0.0,0.22607538802660754,26,0.01447450110864745,11,0.0038137472283813747,51,0.05275388026607539,26,0.02297117516629712,12,0.02302439024390244,14,0.02327272727272727,10028.373046875,0.1109179600886918,0.5254891012563084,11.712391272998072,id14,20260328_102311.jpg,yes
79338,0.7002347707895712,0.403533935546875,40.831302642822266,14.749030113220215,138.72323608398438,47.33702087402344,94.87284851074219,41.60728454589844,116.2767562866211,151.54302978515625,5.407026290893555,11.536012649536133,0.14811313620207214,9.0,50.0,70.0,0.14709218785449596,0.007902896468274976,6.302150293680203e-05,0.2727066475081298,108,0.046648516473820865,59,0.0222213819355164,99,0.09488517482164914,88,0.06292066853210315,31,0.046572890670296706,77,0.1106909677581991,11608.89453125,0.17695177594595277,0.678089551787025,10.53374695417009,id14,20260328_102316.jpg,yes
56394,0.5638272345530894,0.286834716796875,42.7339973449707,15.334464073181152,116.0850830078125,47.04291915893555,95.06214904785156,36.73289108276367,117.65336608886719,148.85658264160156,4.338731288909912,12.828818321228027,0.28893144660779513,18.0,42.0,58.0,0.14937759336099585,0.01344114622122921,0.0,0.15476823775578963,123,0.08710146469482569,79,0.038674327056069796,92,0.10822073270206051,117,0.11267156080434089,47,0.10540128382452034,73,0.12050927403624499,18218.576171875,0.22087456112352377,0.5376778859907176,12.834123850911668,id15,20260328_102959_HDR.jpg,no
60065,0.8618636285369914,0.3055063883463542,43.74735641479492,18.876089096069336,104.7619400024414,43.90711975097656,101.34607696533203,40.927459716796875,118.4389877319336,145.83168029785156,5.505990982055664,12.353525161743164,0.29854324481811373,21.0,43.0,50.0,0.11427620078248564,0.0035295096978273537,0.0,0.06093398817947224,69,0.037625905269291604,45,0.017564305335886123,86,0.10445350869890951,64,0.06592857737451095,45,0.10650129026887538,65,0.1275118621493382,12290.3994140625,0.15569799384000665,0.5607164276756993,12.852856558171673,id15,20260328_103001_HDR.jpg,no
41052,0.791867597700706,0.20880126953125,47.86246871948242,18.5947265625,90.54104614257812,33.73029708862305,104.0228500366211,45.057838439941406,117.33940124511719,142.54360961914062,5.069972515106201,9.721443176269531,0.2535321056221378,23.0,42.0,37.0,0.018610542726298352,2.4359349118191562e-05,0.0,0.03120432622040339,27,0.02528500438468284,13,0.007259086037221085,55,0.08179869433888727,31,0.05193413231998441,31,0.08742570398518952,29,0.06628178895059925,10647.7734375,0.12340446263275845,0.555484640785859,13.117815373732627,id15,20260328_103003_HDR.jpg,no
46306,0.8398505513639002,0.23552449544270834,48.50593948364258,18.609643936157227,89.74163055419922,31.118101119995117,101.81440734863281,45.97895050048828,117.19349670410156,141.71592712402344,5.376624584197998,8.856849670410156,0.266228998401935,24.0,45.0,31.0,0.011229646266142616,0.0,0.0,0.0233447069494234,34,0.021789832851034422,15,0.007342461020170173,35,0.03815920183129616,31,0.03394808448149268,43,0.07044443484645618,32,0.05180754113937719,8722.919921875,0.11095754329892454,0.6275563327637762,11.627674727750682,id15,20260328_103005_HDR.jpg,no
29624,0.7554444841128168,0.15067545572916666,36.86919403076172,11.4126558303833,100.81018829345703,46.795963287353516,98.91260528564453,33.58011245727539,120.65365600585938,148.5586395263672,3.1521449089050293,14.078975677490234,0.2293748312179314,11.0,31.0,43.0,0.010667026735079665,0.0,0.0,0.04303942749122333,18,0.02913178503915744,13,0.01714825816905212,24,0.07055090467188765,24,0.051174723197407505,16,0.0991425870915474,23,0.06214555765595463,11735.9453125,0.14086551444774506,0.40051460038314485,19.77802076335462,id15,20260328_103007_HDR.jpg,no
37885,0.7583977259078352,0.19269307454427084,34.92638397216797,9.903008460998535,104.40369415283203,36.22673416137695,100.2341537475586,29.82854461669922,120.11561584472656,149.59317016601562,2.970168113708496,9.866032600402832,0.06329681932163125,8.0,33.0,42.0,0.03244027979411376,0.00036953939553913156,0.0,0.08150983238748845,39,0.03238748845189389,23,0.01443843209713607,54,0.09373102811138974,36,0.061924244423914476,33,0.09512999868021645,42,0.0918305397914742,13860.3291015625,0.15887554441071663,0.5188363893667118,14.821070625322479,id15,20260328_103014_HDR.jpg,no
75275,0.6857707689925023,0.3828684488932292,28.099594116210938,4.00875186920166,117.33815002441406,35.39888000488281,122.95177459716797,44.36924743652344,121.72227478027344,155.13531494140625,3.809467315673828,9.607513427734375,0.007625373630023248,3.0,68.0,47.0,0.26320823646629027,0.14331451345068083,0.054971770176021256,0.11832613749584855,280,0.16775821986051145,253,0.09590169378943872,121,0.1722749916971106,221,0.16326801727000997,54,0.07446031218864164,140,0.1603852540684158,31643.1953125,0.30547990700763866,0.7159517495352147,8.955828891859731,id16,20260328_103202_HDR.jpg,yes
56391,0.6984876072981309,0.2868194580078125,28.5827693939209,5.068912982940674,128.32742309570312,38.509395599365234,108.74559783935547,39.846343994140625,121.7937240600586,154.9038543701172,3.288891553878784,9.283272743225098,0.017786526218722846,3.0,58.0,50.0,0.2143604475891543,0.0743735702505719,0.010267595892961643,0.15905020304658546,141,0.08024330123601284,87,0.03362238655104538,75,0.12055115177953929,107,0.10240995903601638,38,0.05387384511712862,73,0.10008689329857601,19157.169921875,0.25138763277828025,0.5431206136771667,12.710435986097867,id16,20260328_103204_HDR.jpg,yes
62318,0.7050265298503241,0.3169657389322917,29.05232810974121,4.184226989746094,139.05931091308594,38.757972717285156,94.4538803100586,34.93754196166992,121.4386215209961,153.98953247070312,3.9844460487365723,8.252604484558105,0.021566802528964344,4.0,44.0,51.0,0.13984723514875316,0.020828653037645625,0.00024070092108219134,0.1868320549439969,132,0.07596521069353959,83,0.02843480214384287,96,0.12335119869058699,114,0.11097917134696235,46,0.11181360120671395,81,0.10655027439905003,15885.5087890625,0.22120414647453385,0.6316916833086388,9.547961996216651,id16,20260328_103206_HDR.jpg,yes
55564,0.8443222051695057,0.2826131184895833,31.418813705444336,6.228227138519287,107.95801544189453,33.36790084838867,100.29004669189453,36.51583480834961,120.57848358154297,149.81390380859375,4.548391819000244,8.185152053833008,0.04641494492837089,7.0,52.0,40.0,0.17009214599380895,0.031909149809228994,0.00023396443740551437,0.1145705852710388,91,0.06642790295875027,56,0.022334605140018716,82,0.08410121661507451,92,0.07981786768411202,39,0.04810668778345691,74,0.12288532143114246,13411.4697265625,0.214797350802678,0.4532507312130075,18.006596524716418,id16,20260328_103208_HDR.jpg,yes
58167,0.8431466341972517,0.2958526611328125,32.37961196899414,6.376741409301758,112.47948455810547,37.658321380615234,108.06261444091797,39.67607879638672,119.69501495361328,151.61459350585938,4.248745918273926,8.254298210144043,0.030085787473997285,8.0,55.0,56.0,0.18111644059346366,0.04581635635325872,0.0028710437189471694,0.16289304932349957,107,0.0710540340743033,87,0.04346106899100865,77,0.14738597486547356,100,0.13088177145116647,24,0.059140062234600374,50,0.08989633297230389,19541.5703125,0.23277803565595612,0.5353816725446829,16.631691036935035,id16,20260328_103237_HDR.jpg,yes
68353,0.7896603512014787,0.3476613362630208,31.17201805114746,5.297097682952881,128.62989807128906,41.55806350708008,107.91558837890625,39.668025970458984,119.70356750488281,154.75982666015625,4.253914833068848,8.81969165802002,0.020950068029201352,8.0,56.0,63.0,0.17440346436879142,0.04051029215981742,0.005193627199976592,0.19868915775459745,147,0.09625034746097465,111,0.048761575936681636,74,0.07516861000980206,112,0.1339663218878469,27,0.04570391935979401,52,0.11272365514315393,21062.06640625,0.23725366845639548,0.6260991136123314,10.75464909153844,id16,20260328_103239_HDR.jpg,yes
89082,0.8188060113056667,0.453094482421875,27.31608009338379,2.9382927417755127,151.55238342285156,45.91838455200195,103.742431640625,41.17847442626953,122.7863998413086,157.45252990722656,2.3000335693359375,9.894974708557129,0.0055230012797198086,2.0,64.0,68.0,0.2119844637524977,0.040647942345254935,0.0006286342920006286,0.21523989133607238,167,0.10545340248310546,282,0.12186524774926472,50,0.07028355896814172,114,0.14924451628836352,16,0.0321726050156036,41,0.07692912148357693,36963.03515625,0.3133405177252419,0.5798750501008378,10.690556616756115,id17,20260328_103614_HDR.jpg,no
102552,0.914883177361655,0.5216064453125,28.12482452392578,2.5632057189941406,179.55987548828125,46.555233001708984,96.63938903808594,37.52482986450195,121.82525634765625,160.87098693847656,2.4743568897247314,9.686724662780762,0.0034324050237928075,3.0,54.0,67.0,0.13769599812777908,0.013320071768468679,0.0,0.2664014353693736,194,0.08907676105780482,175,0.051876121382323115,108,0.07124190654497231,171,0.10769170762149934,35,0.0333001794211717,64,0.06615180591309774,12145.2041015625,0.20314572119510102,0.8126217506471388,6.792212066442581,id17,20260328_103626_HDR.jpg,no
105548,0.8761133199970118,0.5368448893229166,28.001060485839844,2.6939594745635986,178.12510681152344,46.056739807128906,101.56918334960938,39.15131759643555,121.65403747558594,161.88058471679688,2.8170533180236816,9.625505447387695,0.0030128472353810587,3.0,54.0,67.0,0.12230454390419525,0.011710311896009398,0.0,0.2532402319323909,251,0.10487171713343692,225,0.07227043619964377,106,0.09271611020578314,159,0.14246598703907226,32,0.05525448137340357,66,0.058911585250312655,16911.048828125,0.236252700193277,0.8071360341630612,7.916500127194747,id17,20260328_103631_HDR.jpg,no
94474,0.8037672602285199,0.4805196126302083,27.761754989624023,2.557387113571167,167.15223693847656,45.969852447509766,103.12572479248047,40.181182861328125,122.08052825927734,160.2743377685547,2.536553144454956,9.7134370803833,0.003958761140631285,3.0,65.0,67.0,0.17168744839850117,0.019328069098376272,0.00011643415119503779,0.23505938141710947,183,0.09879966975040752,221,0.08128162245697229,80,0.0604187395473887,132,0.12238287782882062,24,0.023689057306772232,60,0.04956919364057836,17600.1875,0.23577915616995151,0.687223946626708,8.959693526272485,id17,20260328_103638_HDR.jpg,no
83492,0.6536395947829082,0.4246622721354167,27.173070907592773,2.220186471939087,158.86703491210938,47.15806198120117,118.73270416259766,45.27061462402344,122.29314422607422,162.4618377685547,2.3515584468841553,11.307927131652832,0.0023475303023044124,2.0,75.0,72.0,0.24762851530685576,0.07294112010731567,0.006120346859579361,0.23035739951133044,190,0.11416662674268194,222,0.10099171178076942,54,0.04005174148421406,101,0.09974608345709769,16,0.021487088583337324,33,0.0395486992765774,15670.197265625,0.24102908063047956,0.6628044971892567,8.873994001501504,id17,20260328_103645_HDR.jpg,no
106657,0.90785049751879,0.5424855550130209,27.971920013427734,2.4484386444091797,178.0272674560547,44.841461181640625,98.8349838256836,38.56273651123047,121.81172180175781,161.34832763671875,2.5759530067443848,9.851107597351074,0.002175197127239656,3.0,51.0,66.0,0.11749814826968694,0.011119757728044103,0.0,0.24580665122776751,225,0.09403039650468324,242,0.07457550840544924,108,0.06916564313640924,160,0.10678155207815708,46,0.04432901731719437,58,0.03813158067449863,16501.580078125,0.2233139878301471,0.8472618841014152,7.093630674861041,id17,20260328_103653_HDR.jpg,no
81367,0.6368937662418986,0.4138539632161458,27.426511764526367,2.9551281929016113,150.89096069335938,46.000099182128906,118.95484924316406,46.4491081237793,122.01359558105469,160.52090454101562,2.7542715072631836,10.126925468444824,0.0035886784568682634,2.0,70.0,70.0,0.24462005481337643,0.10577998451460666,0.023449309916796737,0.21763122641857263,181,0.12035591824695516,280,0.14744306659948136,56,0.05926235451718756,134,0.11321543131736453,15,0.016247373013629603,38,0.05873388474442956,41044.19140625,0.31569309425196945,0.5748203414815614,12.358120218891337,id18,20260328_103724.jpg,yes
105948,0.8435820467701225,0.53887939453125,26.772558212280273,2.3593246936798096,152.42181396484375,49.29073715209961,116.64270782470703,43.904048919677734,122.82801818847656,159.83807373046875,2.2009801864624023,9.386651039123535,0.006267225431343678,2.0,62.0,74.0,0.20315626533771283,0.06161513195152339,0.007777400234077095,0.24967908785441914,294,0.16043719560539133,306,0.10126665911579265,126,0.08770340166874316,192,0.13665194246234003,36,0.0463529278513988,83,0.07629214331558878,23354.1171875,0.2781175671083928,0.5925657327938755,13.308344383620756,id18,20260328_103728_HDR.jpg,yes
69752,0.7293716604101095,0.3547770182291667,26.29513168334961,2.016925811767578,147.6749267578125,46.558616638183594,120.53659057617188,42.781829833984375,123.25093078613281,160.12974548339844,2.0761914253234863,10.410792350769043,0.005648583553159766,2.0,62.0,71.0,0.20618763619681157,0.07325954811331575,0.009748824406468631,0.23375673815804565,181,0.12768092671177889,180,0.08414095653171236,80,0.10469950682417709,127,0.1819732767519211,33,0.055941048285353824,47,0.07981133157472187,20567.62109375,0.26459456359674277,0.6095467470982361,12.455491776018265,id18,20260328_103730_HDR.jpg,yes
60250,0.5524836547366877,0.3064473470052083,26.34496307373047,2.792837142944336,127.88044738769531,39.07119369506836,133.61241149902344,47.87665939331055,123.09185028076172,158.49879455566406,2.3910820484161377,10.0188570022583,0.0053941908713692945,2.0,78.0,57.0,0.2823070539419087,0.1535435684647303,0.06054771784232365,0.1807966804979253,133,0.13166804979253113,163,0.11410788381742738,65,0.07575103734439834,93,0.1569460580912863,28,0.06700414937759336,64,0.11196680497925311,22414.63671875,0.2986887966804979,0.6455852176462112,11.014658205686082,id18,20260328_103733_HDR.jpg,yes
51553,0.5337633562494823,0.2622121175130208,26.57600975036621,2.8717551231384277,131.19532775878906,39.425872802734375,126.09171295166016,48.5181770324707,123.0727767944336,157.96221923828125,2.57917857170105,10.603153228759766,0.009272011328147731,2.0,80.0,53.0,0.2909239035555642,0.1609023723158691,0.05076329214594689,0.16813764475394255,117,0.08971349872946288,126,0.09776346672356603,71,0.12909045060423255,93,0.11776230287277172,39,0.0898686788353733,55,0.10492114910868426,35474.80078125,0.30595697631563634,0.6437640487705197,9.845787817884203,id18,20260328_103734.jpg,yes
87025,0.6240990813318895,0.4426320393880208,27.39140510559082,2.4285006523132324,147.19229125976562,45.541473388671875,125.77892303466797,48.9951171875,121.79186248779297,161.37197875976562,2.7418365478515625,10.543549537658691,0.002746337259408216,2.0,81.0,66.0,0.27996552714737144,0.13145647802355645,0.037023843723068085,0.18282102844010342,250,0.15720769893708705,305,0.12730824475725366,95,0.0654409652398736,165,0.12249353634013214,39,0.03457627118644068,95,0.08368859523125538,26732.80078125,0.3095777075553002,0.5487851613397716,11.621749839088917,id18,20260328_103738_HDR.jpg,yes
75351,0.7774395905986257,0.3832550048828125,27.908679962158203,2.478870153427124,156.25027465820312,33.250633239746094,119.97850036621094,42.14017868041992,121.32393646240234,163.57635498046875,2.11700701713562,10.906773567199707,0.0030921951931626654,3.0,72.0,43.0,0.3402609122639381,0.21304295895210415,0.08678053376862949,0.15080091836870116,134,0.06431235152818145,101,0.042812968640097676,89,0.08797494392907858,112,0.07141245637085109,36,0.04221576355987313,65,0.07552653581239797,5419.22998046875,0.17794057145890566,0.670289777427277,8.555130583153426,id19,20260328_103809.jpg,no
84641,0.6895565675739529,0.4305063883463542,27.09956169128418,2.5145881175994873,156.25860595703125,46.94179916381836,111.04820251464844,42.50651931762695,122.64480590820312,159.73951721191406,2.6902341842651367,9.716876983642578,0.012771588237379047,2.0,67.0,70.0,0.2353823796977824,0.0576907172646826,0.003249016434115854,0.2329249418130693,194,0.12489219172741343,260,0.13380040405949836,54,0.05043654966269302,135,0.12034356871965124,18,0.027858839096891578,67,0.06872555853546154,33055.81640625,0.3107477463640552,0.7421149711983325,9.937892149717108,id19,20260328_103824_HDR.jpg,no
67083,0.6059125313871778,0.3412017822265625,27.012088775634766,2.4071171283721924,149.05081176757812,44.82951354980469,109.42499542236328,42.81362533569336,122.82357788085938,158.09510803222656,2.4909448623657227,9.495461463928223,0.008303146847934649,2.0,66.0,67.0,0.22831417795864825,0.0645916253000015,0.0028174053038772864,0.20599853912317576,127,0.08015443554999031,266,0.16136726145223082,41,0.034777812560559306,98,0.10667382198172413,11,0.015950389815601568,28,0.015234858309854956,43842.6328125,0.33452588584291104,0.6698815328300383,8.82935134696133,id19,20260328_103827_HDR.jpg,no
80253,0.7756610995128741,0.4081878662109375,27.145339965820312,2.49086594581604,148.3902587890625,40.58336639404297,99.33426666259766,39.39558410644531,123.00215911865234,156.0655059814453,2.4066762924194336,8.85779857635498,0.0072146835632312814,2.0,58.0,58.0,0.17497165215007537,0.02693980287341283,2.4921186746912887e-05,0.17434862248140257,177,0.11309234545749068,359,0.15423722477664387,41,0.020983639240900652,139,0.13260563468032346,5,0.00574433354516342,36,0.03623540553001134,41910.6015625,0.345445030092333,0.6995825433326747,8.78204354903963,id19,20260328_103831_HDR.jpg,no
89498,0.7011037735110025,0.4552103678385417,27.312532424926758,2.5003814697265625,159.0449981689453,46.9661750793457,109.80293273925781,42.79560470581055,122.38439178466797,160.0313720703125,2.567962169647217,9.63277530670166,0.006793447898277056,2.0,66.0,72.0,0.2128203982211893,0.04472725647500503,0.0018100963150014526,0.23368119957987887,167,0.13136606404612394,306,0.14477418489798655,29,0.01777693356276118,114,0.12006972222842968,11,0.004547587655590069,30,0.031888980759346576,37936.86328125,0.30988401975463137,0.7407962950437457,7.35448162438574,id19,20260328_103834_HDR.jpg,no
111520,0.8989053860166691,0.5672200520833334,27.882253646850586,2.69674015045166,172.45484924316406,47.02130889892578,103.17396545410156,40.26838684082031,121.83737182617188,161.0978240966797,2.7936675548553467,9.746615409851074,0.003003945480631277,3.0,59.0,70.0,0.1518113342898135,0.02381635581061693,2.6901004304160688e-05,0.25415172166427547,298,0.13269368723098995,278,0.07781563845050216,100,0.06403335724533715,189,0.13602941176470587,47,0.03675573888091822,80,0.0513271162123386,21894.115234375,0.2598547345767575,0.810205525606469,7.665332599414372,id19,20260328_103839_HDR.jpg,no
79476,0.5219652837524547,0.40423583984375,27.1083984375,2.181959629058838,153.0397491455078,42.9405632019043,116.29539489746094,48.1882209777832,122.48584747314453,160.5964813232422,2.253631353378296,10.578631401062012,0.004554834163772711,2.0,69.0,58.0,0.22905027932960895,0.07637525793950375,0.0031581861190799736,0.18515023403291558,154,0.10301223010720217,330,0.15544315264985656,14,0.009373899038703507,91,0.050681966883084205,3,0.002541647793044441,12,0.012104283054003724,41913.984375,0.324236247420605,0.7963971367187114,6.309782793817128,id20,20260328_103909.jpg,no
93373,0.5453584403144602,0.4749196370442708,28.17905616760254,3.4808664321899414,151.69947814941406,43.93659591674805,134.3095245361328,48.63914108276367,120.66807556152344,165.19378662109375,2.9860172271728516,12.356256484985352,0.0029451768712582867,3.0,75.0,63.0,0.26280616452293487,0.1344714210746147,0.04770115558030694,0.20898975078448803,273,0.16151349961980443,382,0.15505552997119082,59,0.0434172619493858,173,0.1523673867177878,21,0.0058903537425165735,52,0.04030072933289067,24710.255859375,0.2805200646867938,0.8718105032924588,5.508696191144413,id20,20260328_103930.jpg,no
76362,0.6935190903476587,0.388397216796875,27.794767379760742,2.8220481872558594,127.10472106933594,42.23910140991211,120.84371948242188,42.93004608154297,122.06110382080078,156.79904174804688,2.4732582569122314,9.609684944152832,0.006194180351483722,3.0,63.0,59.0,0.23387286870432938,0.081860087478065,0.007935884340378722,0.1599617610853566,168,0.1438804641051832,286,0.14538644875723528,29,0.025418401822896206,141,0.10505225111966685,6,0.0018726591760299626,40,0.027277965480212673,37027.98046875,0.31388648804379143,0.7496209691527203,8.491211257301302,id20,20260328_104001_HDR.jpg,no
66589,0.6388659694905497,0.3386891682942708,28.962921142578125,4.905714988708496,116.10533142089844,38.86798095703125,105.92970275878906,39.90953826904297,122.1541519165039,151.73251342773438,2.714817762374878,8.229790687561035,0.01147336647193981,3.0,58.0,54.0,0.20647554400877022,0.037498685969154066,0.00022526243073180255,0.159711063388848,155,0.10353061316433645,222,0.12312844463800328,41,0.04092267491627746,90,0.09211731667392513,11,0.01323041343164787,36,0.04329543918665245,35411.0859375,0.2944029794710838,0.7321728791833474,7.707860821916961,id20,20260328_104035_HDR.jpg,no
70734,0.5330529933080123,0.359771728515625,27.989595413208008,2.5819954872131348,115.80784606933594,45.14307403564453,129.62496948242188,41.92820358276367,121.84707641601562,156.20062255859375,2.7143402099609375,11.181541442871094,0.01266717561568694,2.0,57.0,61.0,0.21681228263635594,0.08188424237283343,0.021389996324257077,0.1412050781802245,188,0.097520287273447,293,0.11578590211213843,49,0.05506545649899624,168,0.11109226114739729,18,0.030296604179036957,46,0.05342550965589391,28938.552734375,0.32526083637289,0.5744757110331822,12.025045055822329,id20,20260328_104113_HDR.jpg,no
62855,0.6309666020859893,0.3196970621744792,27.785602569580078,2.968186378479004,129.9412384033203,43.40602111816406,111.59296417236328,39.287269592285156,122.3482437133789,155.5513153076172,2.493112802505493,9.408267974853516,0.0036592156550791506,3.0,54.0,62.0,0.2038501312544746,0.07334340943441253,0.007493437276270782,0.18074934372762708,145,0.11194017977885609,222,0.1313976612839074,31,0.019202927372524062,110,0.15893723649669875,10,0.006093389547370933,38,0.0489698512449288,32219.8984375,0.3030785140402514,0.8019933514138959,7.483496714055375,id20,20260328_104139_HDR.jpg,no
57682,0.7179646755703812,0.2933858235677083,29.606168746948242,5.14501428604126,106.82797241210938,44.38895034790039,128.0594482421875,40.0098876953125,120.86605834960938,153.58363342285156,3.677772045135498,9.737064361572266,0.01685101071391422,5.0,58.0,60.0,0.1888977497312853,0.040116500814812245,0.007680038833604938,0.16795534135432197,143,0.1227245934606983,150,0.08597136021635865,61,0.1229326306300059,90,0.10342914600742,21,0.07286501854998093,47,0.1013661107451198,26458.3984375,0.27729621025623247,0.5833426891090135,11.534246499130111,id21,20260328_104226_HDR.jpg,yes
94505,0.8263888281639399,0.4806772867838542,30.336732864379883,6.136390686035156,113.1565170288086,41.404544830322266,120.52339935302734,35.74090576171875,120.39166259765625,154.2423858642578,3.14984393119812,8.322922706604004,0.009798423363843184,4.0,50.0,56.0,0.19407438759853976,0.040431723189249244,0.003481297285857891,0.15642558594783346,139,0.04611396222422094,72,0.019374636262631608,103,0.08327601714195017,121,0.06849373049045024,52,0.08188984709803714,68,0.11161314216179039,5353.2421875,0.17370509496852019,0.6183067025176602,11.145372771808761,id21,20260328_104233_HDR.jpg,yes
100227,0.7675348245943193,0.5097808837890625,29.520009994506836,3.09450626373291,119.59034729003906,43.62020492553711,118.94806671142578,36.94155502319336,120.75514221191406,155.19793701171875,2.7875726222991943,8.616869926452637,0.009658076167100682,3.0,55.0,60.0,0.1900086802957287,0.01937601644267513,0.0009678030869925269,0.1714408293174494,165,0.060402885450028435,121,0.03551937102776697,121,0.08728187015474873,114,0.056262284613926385,48,0.03976972272940425,82,0.07171720195156994,7454.83935546875,0.19180460354994164,0.6080206645175257,11.893423542004147,id21,20260328_104239_HDR.jpg,yes
86838,0.7166743694704872,0.441680908203125,29.42218780517578,3.282407283782959,118.76529693603516,46.677490234375,125.5051040649414,36.25203323364258,120.4416732788086,156.2466583251953,3.3108458518981934,9.731254577636719,0.015361938321932795,4.0,50.0,70.0,0.1971832607844492,0.04076556346300007,0.008072502821345494,0.1675764066422534,182,0.06790805868398628,116,0.03343006517883876,136,0.08822174624012528,139,0.08523918100370806,37,0.05451530435984246,96,0.10117690412031599,6856.84765625,0.2016858978788088,0.5952677214858281,12.640109224805505,id21,20260328_104246_HDR.jpg,yes
95201,0.7930839143944884,0.4842173258463542,29.86937141418457,4.095004558563232,112.94942474365234,42.398075103759766,132.6460723876953,36.56503677368164,119.99547576904297,156.4049072265625,3.3164539337158203,9.186015129089355,0.012394827785422422,4.0,55.0,59.0,0.21134231783279586,0.05884391970672577,0.008907469459354419,0.14420016596464322,157,0.058045608764613815,92,0.026785432926124727,125,0.09159567651600298,126,0.08363357527757061,55,0.09496748983729163,101,0.12717303389670276,4751.9970703125,0.17065997205911704,0.6141645986567641,9.548639961211402,id21,20260328_104252_HDR.jpg,yes
71422,0.6899743029928319,0.3632710774739583,30.860210418701172,8.264650344848633,113.66815185546875,42.244258880615234,119.70672607421875,35.350563049316406,120.00100708007812,154.0641326904297,3.788764238357544,8.202520370483398,0.019769818823331748,5.0,51.0,58.0,0.18200274425247123,0.037187421242754336,0.001148105625717566,0.1263896278457618,77,0.03281901934978018,32,0.01107501890173896,114,0.09924113018397693,84,0.053708941222592475,41,0.09687491249194925,68,0.11789084595782812,3292.642822265625,0.1371426171207751,0.7088009450679268,8.427350883596661,id21,20260328_104300_HDR.jpg,yes
101512,0.7668517469310671,0.5163167317708334,27.3371524810791,2.280820608139038,168.39999389648438,43.39665985107422,119.83409881591797,38.33517837524414,121.86981201171875,165.43875122070312,2.35982084274292,10.368263244628906,0.0036350382220821185,2.0,52.0,60.0,0.17901331862242886,0.047954921585625344,0.006373630703759161,0.19555323508550712,396,0.14063361967058083,270,0.06532232642446213,144,0.07823705571755063,316,0.15330207266136023,33,0.012215304594530695,179,0.08647253526676649,15703.548828125,0.27967136890219874,0.7123945427039302,8.093731032294688,id22,20260328_104618_HDR.jpg,yes
92897,0.7049186547684089,0.4724985758463542,27.92694091796875,5.479743957519531,162.69056701660156,48.01377487182617,115.83074951171875,39.12206268310547,121.70468139648438,162.77984619140625,3.0209739208221436,9.888689041137695,0.0067601752478551515,3.0,56.0,70.0,0.16895055814504237,0.0415191018009193,0.0020775697815860576,0.2641527713489133,245,0.1187013574173547,257,0.08344725879199544,74,0.05627738247736741,173,0.10477195173148757,10,0.008191868413404092,56,0.0369118486065212,16742.78125,0.26492782328815784,0.8168805611868389,5.519720830049444,id22,20260328_104623_HDR.jpg,yes
93727,0.8357587430670733,0.4767201741536458,28.194799423217773,3.883622169494629,159.127197265625,45.730411529541016,103.15621948242188,35.24148178100586,121.94023132324219,159.50633239746094,2.741079092025757,9.38535213470459,0.006476255508017967,3.0,48.0,64.0,0.13795384467656066,0.016377351243505072,5.3346420988615876e-05,0.22928291740907103,301,0.10768508540762001,188,0.0495374865300287,149,0.126377671322031,218,0.13745238831926765,35,0.022874945319918488,87,0.09001675077619042,11420.6630859375,0.24808219616545926,0.8050512218198428,6.733598499538936,id22,20260328_104628_HDR.jpg,yes
86365,0.5774103614957244,0.4392751057942708,27.772188186645508,5.241748809814453,163.62754821777344,47.35968017578125,120.3336410522461,38.65203094482422,121.60252380371094,164.14430236816406,2.8984501361846924,9.936833381652832,0.0034157355410177736,3.0,55.0,69.0,0.16203323105424652,0.046697157413304,0.006322005442019336,0.266450529728478,239,0.11505818329184277,204,0.058773808834597346,108,0.09977421409135645,160,0.11434029989000173,28,0.03205002026283796,69,0.0821976495107972,12842.4912109375,0.24176460371678343,0.8937789510873833,5.21736096078473,id22,20260328_104636_HDR.jpg,yes
99899,0.7063244599992929,0.5081125895182291,27.354368209838867,2.10213303565979,163.0673065185547,47.16157531738281,119.80838012695312,36.492218017578125,121.85356140136719,164.34933471679688,2.492011070251465,10.398199081420898,0.004364408052132654,2.0,50.0,68.0,0.1441155567122794,0.03547583058889479,0.0058659245838296676,0.24944193635571926,193,0.05815874032773101,79,0.024054294837786164,162,0.1037848226708976,141,0.07551627143414849,49,0.044094535480835646,140,0.09734832180502308,6609.45849609375,0.19090281183995836,0.7989510357957154,7.032840904951547,id22,20260328_104643_HDR.jpg,yes
76385,0.6298131627116967,0.3885142008463542,27.517654418945312,2.4408011436462402,156.88449096679688,42.91290283203125,117.85383605957031,39.99871063232422,121.79629516601562,162.7723388671875,2.7128469944000244,10.186671257019043,0.00823460103423447,3.0,58.0,61.0,0.15141716305557373,0.027754140210774367,0.002565948811939517,0.22393140014400734,213,0.07408522615696798,79,0.024180140079858612,178,0.1404595143025463,162,0.0803822740066767,50,0.05059893958237874,136,0.11016560843097467,8973.67578125,0.2302677227204294,0.6307629457258779,10.163738625132904,id22,20260328_104652_HDR.jpg,yes
61280,0.9280630016659094,0.3116861979166667,30.608224868774414,5.697447776794434,124.82749938964844,46.07117462158203,142.75860595703125,36.53159713745117,118.16731262207031,161.39552307128906,6.0426025390625,12.316834449768066,0.03315926892950392,7.0,54.0,72.0,0.2439621409921671,0.11171671018276762,0.025016318537859007,0.20890992167101827,138,0.08069516971279374,74,0.03420365535248042,84,0.12012075718015666,106,0.09079634464751958,53,0.11847258485639686,72,0.09647519582245431,10067.333984375,0.22984660574412533,0.7703400634145809,7.92647057119066,id23,20260328_105132.jpg,no
27197,0.3851229838995171,0.13833109537760416,30.34077262878418,6.664978981018066,125.9021224975586,46.6788330078125,134.5818328857422,38.767051696777344,119.01764678955078,159.3436737060547,5.589996337890625,10.644482612609863,0.03834981799463176,7.0,60.0,71.0,0.23153288965694746,0.08136926866933852,0.006066845607971468,0.19557304114424384,62,0.08548736993050704,41,0.04728462698091701,37,0.1406037430598963,55,0.15420818472625658,16,0.0764422546604405,29,0.07607456704783616,11754.5859375,0.23826157296760672,0.6175344725488537,9.248202308252377,id23,20260328_105141.jpg,no
65808,0.6447150568710629,0.334716796875,31.632097244262695,6.0719380378723145,117.55447387695312,43.78591537475586,138.54869079589844,42.25136184692383,118.11027526855469,158.75469970703125,5.5571794509887695,12.476946830749512,0.036576100170192076,8.0,63.0,60.0,0.2551361536591296,0.12559263311451496,0.0425328227571116,0.12395149525893509,184,0.09571784585460734,112,0.045921468514466324,114,0.13553063457330417,132,0.12759846827133478,47,0.1287077558959397,87,0.15055920252856794,12368.43359375,0.24302516411378555,0.5862880776266604,10.51079227089023,id23,20260328_105158.jpg,no
73807,0.7171228417912768,0.3754018147786458,33.3173828125,6.818295001983643,116.42460632324219,49.46076583862305,131.3115692138672,40.61549758911133,117.89098358154297,157.4361572265625,4.647495269775391,14.283365249633789,0.03774709715880607,7.0,63.0,74.0,0.24576259704364084,0.10470551573698972,0.016976709526196704,0.18118877613234516,164,0.08501903613478397,103,0.04109366320267725,104,0.1739807877301611,129,0.12842955275244897,41,0.0675139214437655,78,0.13940412156028562,12010.58203125,0.24416383269879552,0.5644851829270393,12.883722543097095,id23,20260328_105207.jpg,no
80865,0.7205742138420823,0.4113006591796875,30.671798706054688,5.473263740539551,119.39213562011719,44.846832275390625,142.54873657226562,44.18270492553711,118.486083984375,159.40049743652344,5.721615791320801,11.825556755065918,0.035726210350584306,7.0,69.0,65.0,0.267705434984233,0.13461942744079639,0.03887961417176776,0.13657330118098066,198,0.09063253570766092,144,0.045248253261608855,115,0.12262412663080442,136,0.10982501700364805,53,0.11348543869411983,98,0.14023372287145242,10828.2216796875,0.23599826871947072,0.7354992144286852,7.736552599221408,id23,20260328_105228_HDR.jpg,no
73065,0.6308495941978933,0.3716278076171875,31.94571876525879,5.770968914031982,125.87239837646484,50.94456481933594,126.72850036621094,39.493038177490234,118.19373321533203,158.80528259277344,4.93373441696167,14.062978744506836,0.036734414562375965,7.0,62.0,81.0,0.25559433381235885,0.107301717648669,0.018421953055498527,0.20800656949291726,155,0.07565866009717374,101,0.029206870594675974,111,0.13579689317730786,137,0.11896256757681517,39,0.10587832751659482,71,0.15751727913501676,9737.51953125,0.22322589475124888,0.5537121540730459,12.657952342105439,id23,20260328_105241.jpg,no
65040,0.8116101176734841,0.330810546875,31.804227828979492,6.318701267242432,105.27452087402344,36.89159393310547,138.4547576904297,33.318572998046875,118.54414367675781,155.90325927734375,4.764679431915283,9.462530136108398,0.021048585485854858,7.0,40.0,55.0,0.1501230012300123,0.062407749077490776,0.014345018450184502,0.13648523985239852,135,0.08065805658056581,97,0.04466482164821648,63,0.07615313653136531,90,0.08064268142681427,46,0.0529520295202952,56,0.07063345633456335,14386.154296875,0.22420049200492004,0.5161019552766135,12.948150956685097,id24,20260328_105458_HDR.jpg,yes
70175,0.8447593022835888,0.3569285074869792,31.583925247192383,6.451499938964844,107.70341491699219,37.08916473388672,125.72776794433594,33.0843391418457,119.42301177978516,154.2095947265625,3.7293355464935303,7.853183746337891,0.016401852511578198,6.0,46.0,55.0,0.1468899180619879,0.039985749910936945,0.005828286426790168,0.11940149625935162,87,0.05154257214107588,60,0.02127538297114357,85,0.0873957962237264,86,0.07008193801211257,61,0.075724973281083,77,0.1060634128963306,8793.7587890625,0.17204132525828286,0.48795959237227104,17.7526946225491,id24,20260328_105510_HDR.jpg,yes
88506,0.761413983258631,0.450164794921875,29.231815338134766,4.828490257263184,111.32243347167969,37.20719909667969,148.2747039794922,35.677433013916016,120.14944458007812,158.81158447265625,3.3279976844787598,8.876189231872559,0.0056267371703613315,3.0,56.0,52.0,0.16176304431337987,0.05634646238673084,0.01578424061645538,0.05603009965426073,90,0.030303030303030304,31,0.00890335118523038,89,0.06049307391589271,87,0.04929609292025399,57,0.08829909836621246,73,0.06832305154452806,3004.4033203125,0.11775472849298353,0.6307923283363779,11.349871632094043,id24,20260328_105522_HDR.jpg,yes
101059,0.8984539611134325,0.5140126546223959,30.33946418762207,6.88274621963501,120.31553649902344,41.55701446533203,136.56130981445312,35.743221282958984,119.49018096923828,158.86424255371094,3.5686419010162354,8.893657684326172,0.004472634797494533,5.0,54.0,61.0,0.1294293432549303,0.03263440168614374,0.006115239612503587,0.10348410334557041,98,0.028270614195667877,47,0.013714760684352704,100,0.05748127331558792,87,0.047853234249299915,68,0.0752926508277343,87,0.08497016594266715,3672.81982421875,0.12621340009301496,0.6443307114263642,11.054477229614479,id24,20260328_105529_HDR.jpg,yes
72256,0.7799402005548179,0.3675130208333333,28.6972713470459,2.9469542503356934,124.4659423828125,34.24263000488281,122.36762237548828,33.892730712890625,121.03832244873047,157.60911560058594,2.360105276107788,7.4086103439331055,0.003044729849424269,3.0,51.0,48.0,0.19350642161204606,0.05256310894596988,0.008179251550044286,0.16316984056687334,31,0.01054583702391497,6,0.0009549379982285208,72,0.055068091231178035,30,0.013867360496014171,48,0.08543235163861825,48,0.05409931355181576,952.1236572265625,0.08673328166519044,0.640071681454609,8.422087663899177,id24,20260328_105537_HDR.jpg,yes
85942,0.9006895973506047,0.4371236165364583,29.229887008666992,3.6185288429260254,120.69818878173828,36.20637130737305,135.70579528808594,37.74436950683594,120.02222442626953,158.9751739501953,3.286813259124756,7.960948467254639,0.007761048148751484,4.0,59.0,50.0,0.1905122059063089,0.07361941774685253,0.013369481743501431,0.0930045844872123,161,0.05336156943054618,67,0.01775616113192618,123,0.09455213981522421,121,0.08421958995601685,58,0.052826324730632285,98,0.10964371320192688,4559.03125,0.16570477764073444,0.5259379939070481,11.563334279963145,id24,20260328_105543.jpg,yes
79377,0.7391263862635368,0.4037322998046875,36.96381759643555,7.2481184005737305,128.59539794921875,45.590538024902344,112.5599365234375,43.623931884765625,114.90396118164062,155.85728454589844,5.946071147918701,12.291216850280762,0.1355052471118838,6.0,62.0,60.0,0.23157841692177836,0.07167063507061239,0.010859568892752308,0.1697846983383096,202,0.09606057170213034,136,0.045756327399624576,113,0.10156594479509178,141,0.10723509328898799,39,0.0630157350365975,69,0.074417022563211,15970.9580078125,0.23685702407498394,0.5467407426350246,11.106449736933035,id25,IMG_3331.JPG,no
75869,0.7554039926320506,0.3858896891276042,38.70040512084961,8.02011489868164,124.61393737792969,46.143253326416016,113.24320983886719,43.57563018798828,114.13298034667969,154.9767608642578,6.117696762084961,12.58314037322998,0.12333100475820163,7.0,63.0,60.0,0.23427223240058523,0.07371917383911743,0.011480314753061197,0.165548511249654,182,0.08896914418273603,125,0.04449775270532101,100,0.10261107962408889,135,0.11183750939118745,32,0.052761997653850715,75,0.08001950730865044,15256.9140625,0.23515533353543608,0.5359401359310696,11.887392526344408,id25,IMG_3332.JPG,no
83320,0.7481368411600969,0.4237874348958333,38.11872482299805,6.792555332183838,131.60321044921875,46.22705078125,122.6868667602539,49.23023986816406,112.59859466552734,158.013916015625,6.8545708656311035,12.90304183959961,0.10902544407105137,6.0,76.0,56.0,0.3023163706192991,0.15502880460873739,0.04249879980796927,0.16965914546327412,194,0.08743398943831013,149,0.05163226116178589,120,0.14258281325012,152,0.11191790686509842,19,0.01770283245319251,41,0.03282525204032645,22637.34765625,0.24559529524723955,0.5962478464682078,12.994146917702244,id25,IMG_3333.JPG,no
80546,0.7091877613911513,0.4096781412760417,37.47514343261719,6.869196891784668,133.45765686035156,49.31644821166992,127.11115264892578,50.38705062866211,112.45368194580078,159.233154296875,7.436216831207275,13.776761054992676,0.1392247908027711,7.0,76.0,58.75,0.2932609937178755,0.15877883445484567,0.05609217093337968,0.18435428202517815,184,0.08448588384277307,172,0.06362823728056018,109,0.09703771757753334,141,0.12637499068855065,18,0.014302386214088844,58,0.045775085044570805,24327.900390625,0.2541901522111588,0.7039726068452916,10.457237279639575,id25,IMG_3334.JPG,no
86886,0.8963510878648139,0.441925048828125,34.21002197265625,5.603622913360596,143.64268493652344,51.515724182128906,119.56936645507812,48.40821075439453,115.11043548583984,160.26109313964844,6.490225791931152,13.87891960144043,0.13009000299242685,7.0,72.0,70.0,0.270929724006169,0.1258660773887623,0.031708215362659116,0.20311672766613723,179,0.07599613286375251,147,0.04737241903183482,102,0.08607830950901181,138,0.09009506709941763,37,0.06172455861703842,66,0.08149759454917939,16986.232421875,0.24803765854107682,0.5936994078297719,13.234074828738795,id25,IMG_3335.JPG,no
76273,0.668510175819938,0.3879445393880208,34.572967529296875,5.290982246398926,123.39818572998047,40.304664611816406,121.20268249511719,48.24618148803711,115.58809661865234,156.9483184814453,6.508248805999756,12.384281158447266,0.12911515215082664,6.0,70.0,51.0,0.2467845764556265,0.08377800794514441,0.010803298677120344,0.14918778597931115,97,0.04162678798526346,51,0.01413344171594142,119,0.11696144113906624,94,0.099235640396995,59,0.10188402186881335,76,0.14567409174937396,4159.95849609375,0.17209235247073015,0.6551017478948712,7.786864452826362,id25,IMG_3336.JPG,no
102538,0.8757195319839439,0.5215352376302084,33.042022705078125,3.8415966033935547,152.40516662597656,49.59624481201172,106.79557800292969,48.9370002746582,116.79473114013672,158.5758056640625,4.787989616394043,10.929192543029785,0.10132828804930855,4.0,73.0,76.0,0.21781193313698335,0.04340829741169128,0.0013068325888938735,0.22142035147945152,232,0.13274103259279488,272,0.11113928494801927,57,0.026614523396204334,121,0.08129669000760693,18,0.00923560046031715,35,0.011849265638104898,28048.57421875,0.2760830131268408,0.9015314532565712,5.969199426083508,id28,IMG_3350.JPG,no
66752,0.795338917418294,0.3395182291666667,32.33802795410156,4.43790864944458,133.7890167236328,42.28165054321289,111.10222625732422,40.03252029418945,117.35477447509766,157.7021942138672,5.116359710693359,11.695329666137695,0.09376498082454458,4.0,52.0,63.0,0.22887703739213805,0.10940496164908917,0.031235019175455417,0.22213566634707574,147,0.08237955417066155,122,0.05096476510067114,108,0.156429769894535,126,0.11909755512943432,34,0.030366131351869607,67,0.08498621764141899,16560.48046875,0.23756591562799617,0.6600812660204798,10.671590513254406,id29,IMG_3373.JPG,no
61564,0.8121471162471637,0.3131306966145833,33.05931854248047,5.47640323638916,127.06983184814453,39.957035064697266,114.68128967285156,42.73139190673828,117.06940460205078,157.1298828125,5.144738674163818,11.869576454162598,0.10597102202585927,4.0,57.0,57.0,0.24166720810863493,0.12572282502761353,0.041728932493015396,0.19920732895848223,137,0.09170944058215841,116,0.05404132285101683,88,0.10431420960301475,116,0.10657202261061659,31,0.07634331752322786,57,0.10124423364303814,19400.1875,0.23836982652199337,0.6287455284884591,11.373614792501384,id29,IMG_3374.JPG,no
74071,0.9617861687485392,0.3767445882161458,36.612815856933594,5.593511581420898,127.3080825805664,42.766815185546875,113.15911865234375,41.793331146240234,114.58280944824219,156.72601318359375,5.3242597579956055,11.994068145751953,0.0633986310431883,4.0,59.0,61.0,0.20948819376004105,0.0785192585492298,0.014945120222489233,0.21151327780102874,134,0.05039759150004725,74,0.023207463109719054,115,0.10907102644759757,100,0.060469009463892755,64,0.08976522525684816,74,0.07982881289573518,8712.4638671875,0.2021168878508458,0.7979011809546296,8.632563430814738,id29,IMG_3375.JPG,no
53357,0.752513927085537,0.2713877360026042,36.74833679199219,5.498594760894775,165.02235412597656,46.405757904052734,95.1883544921875,49.05060958862305,115.20002746582031,157.5770263671875,3.5465891361236572,11.416666030883789,0.05695597578574508,7.0,74.0,62.0,0.11233765016773807,0.0013119178364600708,0.0,0.2294731712802444,34,0.023108495605075247,16,0.012556927863260679,50,0.06930674513184774,37,0.045036265157336434,19,0.07586633431414809,29,0.10409130948141762,5929.1416015625,0.11749161309668835,0.477193166931735,13.05200100646806,id30,IMG_3404.JPG,no
25959,0.46340461994358956,0.1320343017578125,33.19145584106445,6.347314357757568,135.7086181640625,47.31414794921875,98.7466812133789,43.836124420166016,118.63291931152344,153.8914794921875,4.063828468322754,9.35836410522461,0.056281058592395704,4.0,57.0,67.0,0.14314881158750337,0.015794136908201393,0.00015408914056781847,0.2010092838707192,55,0.15651604453176163,82,0.12176894333371856,8,0.08074270965753688,27,0.1113679263453908,4,0.04830694556801109,7,0.05250587464848415,35878.10546875,0.3001656458261104,0.5797080606888617,9.29417105961652,id30,IMG_3405.JPG,no
24132,0.4516479197469634,0.12274169921875,33.06340026855469,7.979702949523926,132.0447540283203,46.69808578491211,91.24490356445312,41.04438400268555,119.56568145751953,151.55088806152344,3.9516329765319824,8.3845853805542,0.06414719045251119,4.0,52.0,69.0,0.08971490137576661,0.001989060169070114,0.0,0.19898889441405604,46,0.249295541190121,69,0.10471573015083706,11,0.013177523620089508,16,0.028426984916293717,4,0.029214321233217305,10,0.022957069451350905,32520.818359375,0.2868804906348417,0.675180398711729,8.694236256416177,id30,IMG_3406.JPG,no
61489,0.9207421161390794,0.3127492268880208,33.36395263671875,5.556119918823242,142.1799774169922,48.201290130615234,96.23321533203125,47.13347625732422,118.3593521118164,154.10345458984375,4.517514705657959,10.319418907165527,0.07767242921498155,5.0,64.0,73.0,0.17996714859568377,0.018735058303111125,0.0006993120720779326,0.20554895997658118,104,0.09644001366098001,161,0.11060514888841906,45,0.09160988144220918,75,0.1065719071703882,14,0.0404950478947454,31,0.04929336954577242,33145.640625,0.276992632828636,0.6663189606751818,11.911347853267847,id30,IMG_3407.JPG,no
