image_id,filename,class,split,plant_part,severity,affected_area_percent,notes
Black_LS_0001,Black_LS_0001.jpg,black_leaf_spot,train,leaf,mild,,
Black_LS_0002,Black_LS_0002.jpg,black_leaf_spot,validation,leaf,mild,,
Black_LS_0003,Black_LS_0003.jpg,black_leaf_spot,train,leaf,mild,,
Black_LS_0004,Black_LS_0004.jpg,black_leaf_spot,train,leaf,moderate,,
Black_LS_0005,Black_LS_0005.jpg,black_leaf_spot,train,leaf,moderate,,
Black_LS_0006,Black_LS_0006.jpg,black_leaf_spot,train,leaf,mild,,
Black_LS_0007,Black_LS_0007.jpg,black_leaf_spot,test,leaf,mild,,
Black_LS_0008,Black_LS_0008.jpg,black_leaf_spot,test,leaf,mild,,
Black_LS_0009,Black_LS_0009.jpg,black_leaf_spot,test,leaf,mild,,
Black_LS_0010,Black_LS_0010.jpg,black_leaf_spot,train,leaf,mild,,
Black_LS_0011,Black_LS_0011.jpg,black_leaf_spot,train,leaf,mild,,
Black_LS_0012,Black_LS_0012.jpg,black_leaf_spot,train,leaf,mild,,
Black_LS_0013,Black_LS_0013.jpg,black_leaf_spot,train,leaf,severe,,
Black_LS_0014,Black_LS_0014.jpg,black_leaf_spot,train,leaf,severe,,
Black_LS_0015,Black_LS_0015.jpg,black_leaf_spot,train,leaf,moderate,,
Black_LS_0016,Black_LS_0016.jpg,black_leaf_spot,train,leaf,mild,,
Black_LS_0017,Black_LS_0017.jpg,black_leaf_spot,train,leaf,mild,,
Black_LS_0018,Black_LS_0018.jpg,black_leaf_spot,train,leaf,mild,,
Black_LS_0019,Black_LS_0019.jpg,black_leaf_spot,train,leaf,severe,,
Black_LS_0020,Black_LS_0020.jpg,black_leaf_spot,validation,leaf,mild,,
Black_LS_0021,Black_LS_0021.jpg,black_leaf_spot,train,leaf,moderate,,
Black_LS_0022,Black_LS_0022.jpg,black_leaf_spot,train,leaf,moderate,,
Black_LS_0023,Black_LS_0023.jpg,black_leaf_spot,test,leaf,mild,,
Black_LS_0024,Black_LS_0024.jpg,black_leaf_spot,test,leaf,moderate,,
Black_LS_0025,Black_LS_0025.jpg,black_leaf_spot,train,leaf,moderate,,
Black_LS_0026,Black_LS_0026.jpg,black_leaf_spot,train,leaf,mild,,
Black_LS_0027,Black_LS_0027.jpg,black_leaf_spot,test,leaf,mild,,
Black_LS_0028,Black_LS_0028.jpg,black_leaf_spot,validation,leaf,moderate,,
Black_LS_0029,Black_LS_0029.jpg,black_leaf_spot,test,leaf,moderate,,
Black_LS_0030,Black_LS_0030.jpg,black_leaf_spot,train,leaf,moderate,,
Black_LS_0031,Black_LS_0031.jpg,black_leaf_spot,train,leaf,severe,,
Black_LS_0032,Black_LS_0032.jpg,black_leaf_spot,train,leaf,moderate,,
Black_LS_0033,Black_LS_0033.jpg,black_leaf_spot,train,leaf,mild,,
Black_LS_0034,Black_LS_0034.jpg,black_leaf_spot,train,leaf,moderate,,
Black_LS_0035,Black_LS_0035.jpg,black_leaf_spot,train,leaf,severe,,
Black_LS_0036,Black_LS_0036.jpg,black_leaf_spot,test,leaf,moderate,,
Black_LS_0037,Black_LS_0037.jpg,black_leaf_spot,train,leaf,moderate,,
Black_LS_0038,Black_LS_0038.jpg,black_leaf_spot,train,leaf,moderate,,
Black_LS_0039,Black_LS_0039.jpg,black_leaf_spot,train,leaf,severe,,
Black_LS_0040,Black_LS_0040.jpg,black_leaf_spot,train,leaf,severe,,
Black_LS_0041,Black_LS_0041.jpg,black_leaf_spot,validation,leaf,mild,,
Black_LS_0042,Black_LS_0042.jpg,black_leaf_spot,train,leaf,moderate,,
Black_LS_0043,Black_LS_0043.jpg,black_leaf_spot,train,leaf,severe,,
Black_LS_0044,Black_LS_0044.jpg,black_leaf_spot,validation,leaf,mild,,
Black_LS_0045,Black_LS_0045.jpg,black_leaf_spot,train,leaf,mild,,
Black_LS_0046,Black_LS_0046.jpg,black_leaf_spot,train,leaf,severe,,
Black_LS_0047,Black_LS_0047.jpg,black_leaf_spot,train,leaf,severe,,
Black_LS_0048,Black_LS_0048.jpg,black_leaf_spot,train,leaf,severe,,
Black_LS_0049,Black_LS_0049.jpg,black_leaf_spot,train,leaf,moderate,,
Black_LS_0050,Black_LS_0050.jpg,black_leaf_spot,train,leaf,severe,,
Black_LS_0051,Black_LS_0051.jpg,black_leaf_spot,validation,leaf,moderate,,
Black_LS_0052,Black_LS_0052.jpg,black_leaf_spot,train,leaf,mild,,
Black_LS_0053,Black_LS_0053.jpg,black_leaf_spot,train,leaf,moderate,,
Black_LS_0054,Black_LS_0054.jpg,black_leaf_spot,train,leaf,moderate,,
Black_LS_0055,Black_LS_0055.jpg,black_leaf_spot,train,leaf,severe,,
Black_LS_0056,Black_LS_0056.jpg,black_leaf_spot,test,leaf,mild,,
Black_LS_0057,Black_LS_0057.jpg,black_leaf_spot,validation,leaf,mild,,
Black_LS_0058,Black_LS_0058.jpg,black_leaf_spot,test,leaf,mild,,
Black_LS_0059,Black_LS_0059.jpg,black_leaf_spot,train,leaf,moderate,,
Black_LS_0060,Black_LS_0060.jpg,black_leaf_spot,test,leaf,mild,,
Black_LS_0061,Black_LS_0061.jpg,black_leaf_spot,train,leaf,severe,,
Black_LS_0062,Black_LS_0062.jpg,black_leaf_spot,train,leaf,moderate,,
Black_LS_0063,Black_LS_0063.jpg,black_leaf_spot,test,leaf,moderate,,
Black_LS_0064,Black_LS_0064.jpg,black_leaf_spot,train,leaf,severe,,
Black_LS_0065,Black_LS_0065.jpg,black_leaf_spot,train,leaf,moderate,,
Black_LS_0066,Black_LS_0066.jpg,black_leaf_spot,train,leaf,mild,,
Black_LS_0067,Black_LS_0067.jpg,black_leaf_spot,train,leaf,moderate,,
Black_LS_0068,Black_LS_0068.jpg,black_leaf_spot,train,leaf,moderate,,
Black_LS_0069,Black_LS_0069.jpg,black_leaf_spot,train,leaf,severe,,
Black_LS_0070,Black_LS_0070.jpg,black_leaf_spot,train,leaf,severe,,
Black_LS_0071,Black_LS_0071.jpg,black_leaf_spot,test,leaf,mild,,
Black_LS_0072,Black_LS_0072.jpg,black_leaf_spot,validation,leaf,mild,,
Black_LS_0073,Black_LS_0073.jpg,black_leaf_spot,train,leaf,severe,,
Black_LS_0074,Black_LS_0074.jpg,black_leaf_spot,train,leaf,severe,,
Black_LS_0075,Black_LS_0075.jpg,black_leaf_spot,train,leaf,moderate,,
Black_LS_0076,Black_LS_0076.jpg,black_leaf_spot,train,leaf,moderate,,
Black_LS_0077,Black_LS_0077.jpg,black_leaf_spot,train,leaf,moderate,,
Black_LS_0078,Black_LS_0078.jpg,black_leaf_spot,train,leaf,moderate,,
Black_LS_0079,Black_LS_0079.jpg,black_leaf_spot,train,leaf,severe,,
Black_LS_0080,Black_LS_0080.jpg,black_leaf_spot,train,leaf,moderate,,
Black_LS_0081,Black_LS_0081.jpg,black_leaf_spot,train,leaf,severe,,
Black_LS_0082,Black_LS_0082.jpg,black_leaf_spot,train,leaf,severe,,
Black_LS_0083,Black_LS_0083.jpg,black_leaf_spot,train,leaf,mild,,
Black_LS_0084,Black_LS_0084.jpg,black_leaf_spot,train,leaf,moderate,,
Black_LS_0085,Black_LS_0085.jpg,black_leaf_spot,train,leaf,moderate,,
Black_LS_0086,Black_LS_0086.jpg,black_leaf_spot,train,leaf,moderate,,
Black_LS_0087,Black_LS_0087.jpg,black_leaf_spot,train,leaf,severe,,
Black_LS_0088,Black_LS_0088.jpg,black_leaf_spot,train,leaf,severe,,
Black_LS_0089,Black_LS_0089.jpg,black_leaf_spot,train,leaf,mild,,
Black_LS_0090,Black_LS_0090.jpg,black_leaf_spot,train,leaf,severe,,
Black_LS_0091,Black_LS_0091.jpg,black_leaf_spot,train,leaf,severe,,
Black_LS_0092,Black_LS_0092.jpg,black_leaf_spot,train,leaf,mild,,
Black_LS_0093,Black_LS_0093.jpg,black_leaf_spot,train,leaf,severe,,
Black_LS_0094,Black_LS_0094.jpg,black_leaf_spot,train,leaf,severe,,
Black_LS_0095,Black_LS_0095.jpg,black_leaf_spot,train,leaf,mild,,
Black_LS_0096,Black_LS_0096.jpg,black_leaf_spot,train,leaf,severe,,
Black_LS_0097,Black_LS_0097.jpg,black_leaf_spot,train,leaf,severe,,
Black_LS_0098,Black_LS_0098.jpg,black_leaf_spot,train,leaf,moderate,,
Black_LS_0099,Black_LS_0099.jpg,black_leaf_spot,train,leaf,moderate,,
Black_LS_0100,Black_LS_0100.jpg,black_leaf_spot,train,leaf,severe,,
Black_LS_0101,Black_LS_0101.jpg,black_leaf_spot,train,leaf,moderate,,
Black_LS_0102,Black_LS_0102.jpg,black_leaf_spot,train,leaf,moderate,,
Black_LS_0103,Black_LS_0103.jpg,black_leaf_spot,train,leaf,mild,,
Black_LS_0104,Black_LS_0104.jpg,black_leaf_spot,train,leaf,severe,,
Black_LS_0105,Black_LS_0105.jpg,black_leaf_spot,train,leaf,severe,,
Black_LS_0106,Black_LS_0106.jpg,black_leaf_spot,train,leaf,moderate,,
Black_LS_0107,Black_LS_0107.jpg,black_leaf_spot,train,leaf,moderate,,
Black_LS_0108,Black_LS_0108.jpg,black_leaf_spot,validation,leaf,moderate,,
Black_LS_0109,Black_LS_0109.jpg,black_leaf_spot,test,leaf,moderate,,
Black_LS_0110,Black_LS_0110.jpg,black_leaf_spot,train,leaf,severe,,
Black_LS_0111,Black_LS_0111.jpg,black_leaf_spot,train,leaf,severe,,
Black_LS_0112,Black_LS_0112.jpg,black_leaf_spot,train,leaf,mild,,
Black_LS_0113,Black_LS_0113.jpg,black_leaf_spot,train,leaf,severe,,
Black_LS_0114,Black_LS_0114.jpg,black_leaf_spot,train,leaf,moderate,,
Black_LS_0115,Black_LS_0115.jpg,black_leaf_spot,validation,leaf,moderate,,
Black_LS_0116,Black_LS_0116.jpg,black_leaf_spot,train,leaf,severe,,
Black_LS_0117,Black_LS_0117.jpg,black_leaf_spot,train,leaf,moderate,,
Black_LS_0118,Black_LS_0118.jpg,black_leaf_spot,train,leaf,severe,,
Black_LS_0119,Black_LS_0119.jpg,black_leaf_spot,train,leaf,moderate,,
Black_LS_0120,Black_LS_0120.jpg,black_leaf_spot,train,leaf,moderate,,
Black_LS_0121,Black_LS_0121.jpg,black_leaf_spot,train,leaf,severe,,
Black_LS_0122,Black_LS_0122.jpg,black_leaf_spot,train,leaf,mild,,
Black_LS_0123,Black_LS_0123.jpg,black_leaf_spot,validation,leaf,mild,,
Black_LS_0124,Black_LS_0124.jpg,black_leaf_spot,train,leaf,mild,,
Black_LS_0125,Black_LS_0125.jpg,black_leaf_spot,train,leaf,severe,,
Black_LS_0126,Black_LS_0126.jpg,black_leaf_spot,train,leaf,severe,,
Black_LS_0127,Black_LS_0127.jpg,black_leaf_spot,train,leaf,moderate,,
Black_LS_0128,Black_LS_0128.jpg,black_leaf_spot,train,leaf,moderate,,
Black_LS_0129,Black_LS_0129.jpg,black_leaf_spot,train,leaf,mild,,
Black_LS_0130,Black_LS_0130.jpg,black_leaf_spot,validation,leaf,mild,,
Black_LS_0131,Black_LS_0131.jpg,black_leaf_spot,train,leaf,moderate,,
Black_LS_0132,Black_LS_0132.jpg,black_leaf_spot,train,leaf,moderate,,
Black_LS_0133,Black_LS_0133.jpg,black_leaf_spot,train,leaf,moderate,,
Black_LS_0134,Black_LS_0134.jpg,black_leaf_spot,train,leaf,moderate,,
Black_LS_0135,Black_LS_0135.jpg,black_leaf_spot,train,leaf,mild,,
Black_LS_0136,Black_LS_0136.jpg,black_leaf_spot,train,leaf,mild,,
Black_LS_0137,Black_LS_0137.jpg,black_leaf_spot,train,leaf,moderate,,
Black_LS_0138,Black_LS_0138.jpg,black_leaf_spot,train,leaf,mild,,
Black_LS_0139,Black_LS_0139.jpg,black_leaf_spot,train,leaf,mild,,
Black_LS_0140,Black_LS_0140.jpg,black_leaf_spot,test,leaf,mild,,
Black_LS_0141,Black_LS_0141.jpg,black_leaf_spot,train,leaf,mild,,
Black_LS_0142,Black_LS_0142.jpg,black_leaf_spot,train,leaf,moderate,,
Black_LS_0143,Black_LS_0143.jpg,black_leaf_spot,validation,leaf,mild,,
Black_LS_0144,Black_LS_0144.jpg,black_leaf_spot,train,leaf,moderate,,
Black_LS_0145,Black_LS_0145.jpg,black_leaf_spot,train,leaf,moderate,,
Black_LS_0146,Black_LS_0146.jpg,black_leaf_spot,train,leaf,mild,,
Black_LS_0147,Black_LS_0147.jpg,black_leaf_spot,validation,leaf,mild,,
Black_LS_0148,Black_LS_0148.jpg,black_leaf_spot,train,leaf,moderate,,
Black_LS_0149,Black_LS_0149.jpg,black_leaf_spot,train,leaf,mild,,
Black_LS_0150,Black_LS_0150.jpg,black_leaf_spot,train,leaf,moderate,,
Black_LS_0151,Black_LS_0151.jpg,black_leaf_spot,validation,leaf,mild,,
Black_LS_0152,Black_LS_0152.jpg,black_leaf_spot,train,leaf,mild,,
Healthy_0001,Healthy_0001.jpg,healthy,train,leaf,none,,
Healthy_0002,Healthy_0002.jpg,healthy,validation,leaf,none,,
Healthy_0003,Healthy_0003.jpg,healthy,train,leaf,none,,
Healthy_0004,Healthy_0004.jpg,healthy,train,leaf,none,,
Healthy_0005,Healthy_0005.jpg,healthy,train,leaf,none,,
Healthy_0006,Healthy_0006.jpg,healthy,train,leaf,none,,
Healthy_0007,Healthy_0007.jpg,healthy,test,leaf,none,,
Healthy_0008,Healthy_0008.jpg,healthy,test,leaf,none,,
Healthy_0009,Healthy_0009.jpg,healthy,test,leaf,none,,
Healthy_0010,Healthy_0010.jpg,healthy,train,leaf,none,,
Healthy_0011,Healthy_0011.jpg,healthy,train,leaf,none,,
Healthy_0012,Healthy_0012.jpg,healthy,train,leaf,none,,
Healthy_0013,Healthy_0013.jpg,healthy,train,leaf,none,,
Healthy_0014,Healthy_0014.jpg,healthy,train,leaf,none,,
Healthy_0015,Healthy_0015.jpg,healthy,train,leaf,none,,
Healthy_0016,Healthy_0016.jpg,healthy,train,leaf,none,,
Healthy_0017,Healthy_0017.jpg,healthy,train,leaf,none,,
Healthy_0018,Healthy_0018.jpg,healthy,train,leaf,none,,
Healthy_0019,Healthy_0019.jpg,healthy,train,leaf,none,,
Healthy_0020,Healthy_0020.jpg,healthy,train,leaf,none,,
Healthy_0021,Healthy_0021.jpg,healthy,train,leaf,none,,
Healthy_0022,Healthy_0022.jpg,healthy,train,leaf,none,,
Healthy_0023,Healthy_0023.jpg,healthy,test,leaf,none,,
Healthy_0024,Healthy_0024.jpg,healthy,test,leaf,none,,
Healthy_0025,Healthy_0025.jpg,healthy,train,leaf,none,,
Healthy_0026,Healthy_0026.jpg,healthy,train,leaf,none,,
Healthy_0027,Healthy_0027.jpg,healthy,test,leaf,none,,
Healthy_0028,Healthy_0028.jpg,healthy,train,leaf,none,,
Healthy_0029,Healthy_0029.jpg,healthy,test,leaf,none,,
Healthy_0030,Healthy_0030.jpg,healthy,train,leaf,none,,
Healthy_0031,Healthy_0031.jpg,healthy,train,leaf,none,,
Healthy_0032,Healthy_0032.jpg,healthy,train,leaf,none,,
Healthy_0033,Healthy_0033.jpg,healthy,train,leaf,none,,
Healthy_0034,Healthy_0034.jpg,healthy,train,leaf,none,,
Healthy_0035,Healthy_0035.jpg,healthy,train,leaf,none,,
Healthy_0036,Healthy_0036.jpg,healthy,test,leaf,none,,
Healthy_0037,Healthy_0037.jpg,healthy,train,leaf,none,,
Healthy_0038,Healthy_0038.jpg,healthy,train,leaf,none,,
Healthy_0039,Healthy_0039.jpg,healthy,train,leaf,none,,
Healthy_0040,Healthy_0040.jpg,healthy,validation,leaf,none,,
Healthy_0041,Healthy_0041.jpg,healthy,validation,leaf,none,,
Healthy_0042,Healthy_0042.jpg,healthy,train,leaf,none,,
Healthy_0043,Healthy_0043.jpg,healthy,train,leaf,none,,
Healthy_0044,Healthy_0044.jpg,healthy,train,leaf,none,,
Healthy_0045,Healthy_0045.jpg,healthy,train,leaf,none,,
Healthy_0046,Healthy_0046.jpg,healthy,train,leaf,none,,
Healthy_0047,Healthy_0047.jpg,healthy,train,leaf,none,,
Healthy_0048,Healthy_0048.jpg,healthy,train,leaf,none,,
Healthy_0049,Healthy_0049.jpg,healthy,train,leaf,none,,
Healthy_0050,Healthy_0050.jpg,healthy,train,leaf,none,,
Healthy_0051,Healthy_0051.jpg,healthy,validation,leaf,none,,
Healthy_0052,Healthy_0052.jpg,healthy,train,leaf,none,,
Healthy_0053,Healthy_0053.jpg,healthy,train,leaf,none,,
Healthy_0054,Healthy_0054.jpg,healthy,train,leaf,none,,
Healthy_0055,Healthy_0055.jpg,healthy,train,leaf,none,,
Healthy_0056,Healthy_0056.jpg,healthy,test,leaf,none,,
Healthy_0057,Healthy_0057.jpg,healthy,validation,leaf,none,,
Healthy_0058,Healthy_0058.jpg,healthy,test,leaf,none,,
Healthy_0059,Healthy_0059.jpg,healthy,train,leaf,none,,
Healthy_0060,Healthy_0060.jpg,healthy,test,leaf,none,,
Healthy_0061,Healthy_0061.jpg,healthy,train,leaf,none,,
Healthy_0062,Healthy_0062.jpg,healthy,train,leaf,none,,
Healthy_0063,Healthy_0063.jpg,healthy,test,leaf,none,,
Healthy_0064,Healthy_0064.jpg,healthy,train,leaf,none,,
Healthy_0065,Healthy_0065.jpg,healthy,train,leaf,none,,
Healthy_0066,Healthy_0066.jpg,healthy,train,leaf,none,,
Healthy_0067,Healthy_0067.jpg,healthy,train,leaf,none,,
Healthy_0068,Healthy_0068.jpg,healthy,train,leaf,none,,
Healthy_0069,Healthy_0069.jpg,healthy,train,leaf,none,,
Healthy_0070,Healthy_0070.jpg,healthy,train,leaf,none,,
Healthy_0071,Healthy_0071.jpg,healthy,test,leaf,none,,
Healthy_0072,Healthy_0072.jpg,healthy,validation,leaf,none,,
Healthy_0073,Healthy_0073.jpg,healthy,train,leaf,none,,
Healthy_0074,Healthy_0074.jpg,healthy,train,leaf,none,,
Healthy_0075,Healthy_0075.jpg,healthy,train,leaf,none,,
Healthy_0076,Healthy_0076.jpg,healthy,train,leaf,none,,
Healthy_0077,Healthy_0077.jpg,healthy,train,leaf,none,,
Healthy_0078,Healthy_0078.jpg,healthy,train,leaf,none,,
Healthy_0079,Healthy_0079.jpg,healthy,train,leaf,none,,
Healthy_0080,Healthy_0080.jpg,healthy,train,leaf,none,,
Healthy_0081,Healthy_0081.jpg,healthy,train,leaf,none,,
Healthy_0082,Healthy_0082.jpg,healthy,train,leaf,none,,
Healthy_0083,Healthy_0083.jpg,healthy,train,leaf,none,,
Healthy_0084,Healthy_0084.jpg,healthy,train,leaf,none,,
Healthy_0085,Healthy_0085.jpg,healthy,train,leaf,none,,
Healthy_0086,Healthy_0086.jpg,healthy,train,leaf,none,,
Healthy_0087,Healthy_0087.jpg,healthy,validation,leaf,none,,
Healthy_0088,Healthy_0088.jpg,healthy,validation,leaf,none,,
Healthy_0089,Healthy_0089.jpg,healthy,train,leaf,none,,
Healthy_0090,Healthy_0090.jpg,healthy,train,leaf,none,,
Healthy_0091,Healthy_0091.jpg,healthy,train,leaf,none,,
Healthy_0092,Healthy_0092.jpg,healthy,train,leaf,none,,
Healthy_0093,Healthy_0093.jpg,healthy,train,leaf,none,,
Healthy_0094,Healthy_0094.jpg,healthy,train,leaf,none,,
Healthy_0095,Healthy_0095.jpg,healthy,train,leaf,none,,
Healthy_0096,Healthy_0096.jpg,healthy,train,leaf,none,,
Healthy_0097,Healthy_0097.jpg,healthy,train,leaf,none,,
Healthy_0098,Healthy_0098.jpg,healthy,train,leaf,none,,
Healthy_0099,Healthy_0099.jpg,healthy,train,leaf,none,,
Healthy_0100,Healthy_0100.jpg,healthy,train,leaf,none,,
Healthy_0101,Healthy_0101.jpg,healthy,train,leaf,none,,
Healthy_0102,Healthy_0102.jpg,healthy,train,leaf,none,,
Healthy_0103,Healthy_0103.jpg,healthy,train,leaf,none,,
Healthy_0104,Healthy_0104.jpg,healthy,train,leaf,none,,
Healthy_0105,Healthy_0105.jpg,healthy,train,leaf,none,,
Healthy_0106,Healthy_0106.jpg,healthy,train,leaf,none,,
Healthy_0107,Healthy_0107.jpg,healthy,train,leaf,none,,
Healthy_0108,Healthy_0108.jpg,healthy,validation,leaf,none,,
Healthy_0109,Healthy_0109.jpg,healthy,test,leaf,none,,
Healthy_0110,Healthy_0110.jpg,healthy,train,leaf,none,,
Healthy_0111,Healthy_0111.jpg,healthy,train,leaf,none,,
Healthy_0112,Healthy_0112.jpg,healthy,train,leaf,none,,
Healthy_0113,Healthy_0113.jpg,healthy,train,leaf,none,,
Healthy_0114,Healthy_0114.jpg,healthy,train,leaf,none,,
Healthy_0115,Healthy_0115.jpg,healthy,validation,leaf,none,,
Healthy_0116,Healthy_0116.jpg,healthy,train,leaf,none,,
Healthy_0117,Healthy_0117.jpg,healthy,train,leaf,none,,
Healthy_0118,Healthy_0118.jpg,healthy,train,leaf,none,,
Healthy_0119,Healthy_0119.jpg,healthy,train,leaf,none,,
Healthy_0120,Healthy_0120.jpg,healthy,train,leaf,none,,
Healthy_0121,Healthy_0121.jpg,healthy,train,leaf,none,,
Healthy_0122,Healthy_0122.jpg,healthy,train,leaf,none,,
Healthy_0123,Healthy_0123.jpg,healthy,train,leaf,none,,
Healthy_0124,Healthy_0124.jpg,healthy,train,leaf,none,,
Healthy_0125,Healthy_0125.jpg,healthy,train,leaf,none,,
Healthy_0126,Healthy_0126.jpg,healthy,train,leaf,none,,
Healthy_0127,Healthy_0127.jpg,healthy,train,leaf,none,,
Healthy_0128,Healthy_0128.jpg,healthy,train,leaf,none,,
Healthy_0129,Healthy_0129.jpg,healthy,train,leaf,none,,
Healthy_0130,Healthy_0130.jpg,healthy,test,leaf,none,,
Healthy_0131,Healthy_0131.jpg,healthy,train,leaf,none,,
Healthy_0132,Healthy_0132.jpg,healthy,train,leaf,none,,
Healthy_0133,Healthy_0133.jpg,healthy,train,leaf,none,,
Healthy_0134,Healthy_0134.jpg,healthy,train,leaf,none,,
Healthy_0135,Healthy_0135.jpg,healthy,train,leaf,none,,
Healthy_0136,Healthy_0136.jpg,healthy,train,leaf,none,,
Healthy_0137,Healthy_0137.jpg,healthy,train,leaf,none,,
Healthy_0138,Healthy_0138.jpg,healthy,train,leaf,none,,
Healthy_0139,Healthy_0139.jpg,healthy,train,leaf,none,,
Healthy_0140,Healthy_0140.jpg,healthy,test,leaf,none,,
Healthy_0141,Healthy_0141.jpg,healthy,train,leaf,none,,
Healthy_0142,Healthy_0142.jpg,healthy,train,leaf,none,,
Healthy_0143,Healthy_0143.jpg,healthy,train,leaf,none,,
Healthy_0144,Healthy_0144.jpg,healthy,validation,leaf,none,,
Healthy_0145,Healthy_0145.jpg,healthy,train,leaf,none,,
Healthy_0146,Healthy_0146.jpg,healthy,train,leaf,none,,
Healthy_0147,Healthy_0147.jpg,healthy,train,leaf,none,,
Healthy_0148,Healthy_0148.jpg,healthy,train,leaf,none,,
Healthy_0149,Healthy_0149.jpg,healthy,train,leaf,none,,
Healthy_0150,Healthy_0150.jpg,healthy,train,leaf,none,,
Healthy_0151,Healthy_0151.jpg,healthy,validation,leaf,none,,
Healthy_0152,Healthy_0152.jpg,healthy,test,leaf,none,,
Healthy_0153,Healthy_0153.jpg,healthy,train,leaf,none,,
Healthy_0154,Healthy_0154.jpg,healthy,train,leaf,none,,
Healthy_0155,Healthy_0155.jpg,healthy,test,leaf,none,,
Healthy_0156,Healthy_0156.jpg,healthy,train,leaf,none,,
Healthy_0157,Healthy_0157.jpg,healthy,train,leaf,none,,
Healthy_0158,Healthy_0158.jpg,healthy,train,leaf,none,,
Healthy_0159,Healthy_0159.jpg,healthy,train,leaf,none,,
Healthy_0160,Healthy_0160.jpg,healthy,train,leaf,none,,
Healthy_0161,Healthy_0161.jpg,healthy,train,leaf,none,,
Healthy_0162,Healthy_0162.jpg,healthy,train,leaf,none,,
Healthy_0163,Healthy_0163.jpg,healthy,train,leaf,none,,
Healthy_0164,Healthy_0164.jpg,healthy,test,leaf,none,,
Healthy_0165,Healthy_0165.jpg,healthy,train,leaf,none,,
Healthy_0166,Healthy_0166.jpg,healthy,train,leaf,none,,
Healthy_0167,Healthy_0167.jpg,healthy,validation,leaf,none,,
Healthy_0168,Healthy_0168.jpg,healthy,train,leaf,none,,
Healthy_0169,Healthy_0169.jpg,healthy,train,leaf,none,,
Healthy_0170,Healthy_0170.jpg,healthy,train,leaf,none,,
Healthy_0171,Healthy_0171.jpg,healthy,train,leaf,none,,
Healthy_0172,Healthy_0172.jpg,healthy,train,leaf,none,,
Healthy_0173,Healthy_0173.jpg,healthy,train,leaf,none,,
Healthy_0174,Healthy_0174.jpg,healthy,test,leaf,none,,
Healthy_0175,Healthy_0175.jpg,healthy,train,leaf,none,,
Healthy_0176,Healthy_0176.jpg,healthy,train,leaf,none,,
Healthy_0177,Healthy_0177.jpg,healthy,train,leaf,none,,
Healthy_0178,Healthy_0178.jpg,healthy,train,leaf,none,,
Healthy_0179,Healthy_0179.jpg,healthy,validation,leaf,none,,
Healthy_0180,Healthy_0180.jpg,healthy,validation,leaf,none,,
Healthy_0181,Healthy_0181.jpg,healthy,train,leaf,none,,
Healthy_0182,Healthy_0182.jpg,healthy,train,leaf,none,,
Healthy_0183,Healthy_0183.jpg,healthy,train,leaf,none,,
Healthy_0184,Healthy_0184.jpg,healthy,validation,leaf,none,,
Healthy_0185,Healthy_0185.jpg,healthy,train,leaf,none,,
Healthy_0186,Healthy_0186.jpg,healthy,train,leaf,none,,
Healthy_0187,Healthy_0187.jpg,healthy,train,leaf,none,,
Healthy_0188,Healthy_0188.jpg,healthy,train,leaf,none,,
Healthy_0189,Healthy_0189.jpg,healthy,test,leaf,none,,
Healthy_0190,Healthy_0190.jpg,healthy,test,leaf,none,,
Healthy_0191,Healthy_0191.jpg,healthy,train,leaf,none,,
Healthy_0192,Healthy_0192.jpg,healthy,train,leaf,none,,
Healthy_0193,Healthy_0193.jpg,healthy,train,leaf,none,,
Healthy_0194,Healthy_0194.jpg,healthy,train,leaf,none,,
Healthy_0195,Healthy_0195.jpg,healthy,validation,leaf,none,,
Healthy_0196,Healthy_0196.jpg,healthy,validation,leaf,none,,
Healthy_0197,Healthy_0197.jpg,healthy,train,leaf,none,,
Healthy_0198,Healthy_0198.jpg,healthy,train,leaf,none,,
Healthy_0199,Healthy_0199.jpg,healthy,train,leaf,none,,
Healthy_0200,Healthy_0200.jpg,healthy,train,leaf,none,,
Healthy_0201,Healthy_0201.jpg,healthy,train,leaf,none,,
Healthy_0202,Healthy_0202.jpg,healthy,train,leaf,none,,
Healthy_0203,Healthy_0203.jpg,healthy,train,leaf,none,,
Healthy_0204,Healthy_0204.jpg,healthy,train,leaf,none,,
Healthy_0205,Healthy_0205.jpg,healthy,train,leaf,none,,
Healthy_0206,Healthy_0206.jpg,healthy,validation,leaf,none,,
Healthy_0207,Healthy_0207.jpg,healthy,train,leaf,none,,
Healthy_0208,Healthy_0208.jpg,healthy,train,leaf,none,,
Healthy_0209,Healthy_0209.jpg,healthy,train,leaf,none,,
Healthy_0210,Healthy_0210.jpg,healthy,train,leaf,none,,
Healthy_0211,Healthy_0211.jpg,healthy,train,leaf,none,,
Healthy_0212,Healthy_0212.jpg,healthy,train,leaf,none,,
Healthy_0213,Healthy_0213.jpg,healthy,train,leaf,none,,
Healthy_0214,Healthy_0214.jpg,healthy,train,leaf,none,,
Healthy_0215,Healthy_0215.jpg,healthy,train,leaf,none,,
Healthy_0216,Healthy_0216.jpg,healthy,train,leaf,none,,
Healthy_0217,Healthy_0217.jpg,healthy,train,leaf,none,,
Healthy_0218,Healthy_0218.jpg,healthy,train,leaf,none,,
Healthy_0219,Healthy_0219.jpg,healthy,train,leaf,none,,
Healthy_0220,Healthy_0220.jpg,healthy,train,leaf,none,,
Healthy_0221,Healthy_0221.jpg,healthy,validation,leaf,none,,
Healthy_0222,Healthy_0222.jpg,healthy,validation,leaf,none,,
Healthy_0223,Healthy_0223.jpg,healthy,train,leaf,none,,
Healthy_0224,Healthy_0224.jpg,healthy,train,leaf,none,,
Healthy_0225,Healthy_0225.jpg,healthy,validation,leaf,none,,
Healthy_0226,Healthy_0226.jpg,healthy,train,leaf,none,,
Healthy_0227,Healthy_0227.jpg,healthy,train,leaf,none,,
Healthy_0228,Healthy_0228.jpg,healthy,validation,leaf,none,,
Healthy_0229,Healthy_0229.jpg,healthy,train,leaf,none,,
Healthy_0230,Healthy_0230.jpg,healthy,train,leaf,none,,
Healthy_0231,Healthy_0231.jpg,healthy,validation,leaf,none,,
Healthy_0232,Healthy_0232.jpg,healthy,train,leaf,none,,
Healthy_0233,Healthy_0233.jpg,healthy,train,leaf,none,,
Healthy_0234,Healthy_0234.jpg,healthy,train,leaf,none,,
Healthy_0235,Healthy_0235.jpg,healthy,train,leaf,none,,
Healthy_0236,Healthy_0236.jpg,healthy,train,leaf,none,,
Healthy_0237,Healthy_0237.jpg,healthy,test,leaf,none,,
Healthy_0238,Healthy_0238.jpg,healthy,test,leaf,none,,
Healthy_0239,Healthy_0239.jpg,healthy,train,leaf,none,,
Healthy_0240,Healthy_0240.jpg,healthy,train,leaf,none,,
Phyllosticta_LS_0001,Phyllosticta_LS_0001.jpg,phyllosticta_leaf_spot,train,leaf,severe,,
Phyllosticta_LS_0002,Phyllosticta_LS_0002.jpg,phyllosticta_leaf_spot,test,leaf,severe,,
Phyllosticta_LS_0003,Phyllosticta_LS_0003.jpg,phyllosticta_leaf_spot,train,leaf,severe,,
Phyllosticta_LS_0004,Phyllosticta_LS_0004.jpg,phyllosticta_leaf_spot,train,leaf,severe,,
Phyllosticta_LS_0005,Phyllosticta_LS_0005.jpg,phyllosticta_leaf_spot,train,leaf,severe,,
Phyllosticta_LS_0006,Phyllosticta_LS_0006.jpg,phyllosticta_leaf_spot,train,leaf,moderate,,
Phyllosticta_LS_0007,Phyllosticta_LS_0007.jpg,phyllosticta_leaf_spot,train,leaf,moderate,,
Phyllosticta_LS_0008,Phyllosticta_LS_0008.jpg,phyllosticta_leaf_spot,train,leaf,moderate,,
Phyllosticta_LS_0009,Phyllosticta_LS_0009.jpg,phyllosticta_leaf_spot,train,leaf,moderate,,
Phyllosticta_LS_0010,Phyllosticta_LS_0010.jpg,phyllosticta_leaf_spot,train,leaf,mild,,
Phyllosticta_LS_0011,Phyllosticta_LS_0011.jpg,phyllosticta_leaf_spot,train,leaf,mild,,
Phyllosticta_LS_0012,Phyllosticta_LS_0012.jpg,phyllosticta_leaf_spot,validation,leaf,moderate,,
Phyllosticta_LS_0013,Phyllosticta_LS_0013.jpg,phyllosticta_leaf_spot,test,leaf,severe,,
Phyllosticta_LS_0014,Phyllosticta_LS_0014.jpg,phyllosticta_leaf_spot,test,leaf,mild,,
Phyllosticta_LS_0015,Phyllosticta_LS_0015.jpg,phyllosticta_leaf_spot,train,leaf,severe,,
Phyllosticta_LS_0016,Phyllosticta_LS_0016.jpg,phyllosticta_leaf_spot,test,leaf,mild,,
Phyllosticta_LS_0017,Phyllosticta_LS_0017.jpg,phyllosticta_leaf_spot,test,leaf,mild,,
Phyllosticta_LS_0018,Phyllosticta_LS_0018.jpg,phyllosticta_leaf_spot,train,leaf,severe,,
Phyllosticta_LS_0019,Phyllosticta_LS_0019.jpg,phyllosticta_leaf_spot,train,leaf,moderate,,
Phyllosticta_LS_0020,Phyllosticta_LS_0020.jpg,phyllosticta_leaf_spot,train,leaf,mild,,
Phyllosticta_LS_0021,Phyllosticta_LS_0021.jpg,phyllosticta_leaf_spot,validation,leaf,mild,,
Phyllosticta_LS_0022,Phyllosticta_LS_0022.jpg,phyllosticta_leaf_spot,train,leaf,mild,,
Phyllosticta_LS_0023,Phyllosticta_LS_0023.jpg,phyllosticta_leaf_spot,train,leaf,mild,,
Phyllosticta_LS_0024,Phyllosticta_LS_0024.jpg,phyllosticta_leaf_spot,validation,leaf,mild,,
Phyllosticta_LS_0025,Phyllosticta_LS_0025.jpg,phyllosticta_leaf_spot,validation,leaf,moderate,,
Phyllosticta_LS_0026,Phyllosticta_LS_0026.jpg,phyllosticta_leaf_spot,train,leaf,severe,,
Phyllosticta_LS_0027,Phyllosticta_LS_0027.jpg,phyllosticta_leaf_spot,validation,leaf,mild,,
Phyllosticta_LS_0028,Phyllosticta_LS_0028.jpg,phyllosticta_leaf_spot,train,leaf,severe,,
Phyllosticta_LS_0029,Phyllosticta_LS_0029.jpg,phyllosticta_leaf_spot,train,leaf,mild,,
Phyllosticta_LS_0030,Phyllosticta_LS_0030.jpg,phyllosticta_leaf_spot,train,leaf,mild,,
Phyllosticta_LS_0031,Phyllosticta_LS_0031.jpg,phyllosticta_leaf_spot,train,leaf,mild,,
Phyllosticta_LS_0032,Phyllosticta_LS_0032.jpg,phyllosticta_leaf_spot,validation,leaf,mild,,
Phyllosticta_LS_0033,Phyllosticta_LS_0033.jpg,phyllosticta_leaf_spot,train,leaf,moderate,,
Phyllosticta_LS_0034,Phyllosticta_LS_0034.jpg,phyllosticta_leaf_spot,train,leaf,severe,,
Phyllosticta_LS_0035,Phyllosticta_LS_0035.jpg,phyllosticta_leaf_spot,train,leaf,severe,,
Phyllosticta_LS_0036,Phyllosticta_LS_0036.jpg,phyllosticta_leaf_spot,train,leaf,mild,,
Phyllosticta_LS_0037,Phyllosticta_LS_0037.jpg,phyllosticta_leaf_spot,train,leaf,mild,,
Phyllosticta_LS_0038,Phyllosticta_LS_0038.jpg,phyllosticta_leaf_spot,train,leaf,severe,,
Phyllosticta_LS_0039,Phyllosticta_LS_0039.jpg,phyllosticta_leaf_spot,train,leaf,severe,,
Phyllosticta_LS_0040,Phyllosticta_LS_0040.jpg,phyllosticta_leaf_spot,validation,leaf,severe,,
Phyllosticta_LS_0041,Phyllosticta_LS_0041.jpg,phyllosticta_leaf_spot,test,leaf,mild,,
Phyllosticta_LS_0042,Phyllosticta_LS_0042.jpg,phyllosticta_leaf_spot,train,leaf,moderate,,
Phyllosticta_LS_0043,Phyllosticta_LS_0043.jpg,phyllosticta_leaf_spot,train,leaf,moderate,,
Phyllosticta_LS_0044,Phyllosticta_LS_0044.jpg,phyllosticta_leaf_spot,train,leaf,moderate,,
Phyllosticta_LS_0045,Phyllosticta_LS_0045.jpg,phyllosticta_leaf_spot,test,leaf,moderate,,
Phyllosticta_LS_0046,Phyllosticta_LS_0046.jpg,phyllosticta_leaf_spot,train,leaf,moderate,,
Phyllosticta_LS_0047,Phyllosticta_LS_0047.jpg,phyllosticta_leaf_spot,train,leaf,mild,,
Phyllosticta_LS_0048,Phyllosticta_LS_0048.jpg,phyllosticta_leaf_spot,test,leaf,moderate,,
Phyllosticta_LS_0049,Phyllosticta_LS_0049.jpg,phyllosticta_leaf_spot,train,leaf,moderate,,
Phyllosticta_LS_0050,Phyllosticta_LS_0050.jpg,phyllosticta_leaf_spot,train,leaf,moderate,,
Phyllosticta_LS_0051,Phyllosticta_LS_0051.jpg,phyllosticta_leaf_spot,train,leaf,severe,,
Phyllosticta_LS_0052,Phyllosticta_LS_0052.jpg,phyllosticta_leaf_spot,train,leaf,severe,,
Phyllosticta_LS_0053,Phyllosticta_LS_0053.jpg,phyllosticta_leaf_spot,test,leaf,severe,,
Phyllosticta_LS_0054,Phyllosticta_LS_0054.jpg,phyllosticta_leaf_spot,train,leaf,mild,,
Phyllosticta_LS_0055,Phyllosticta_LS_0055.jpg,phyllosticta_leaf_spot,train,leaf,moderate,,
Phyllosticta_LS_0056,Phyllosticta_LS_0056.jpg,phyllosticta_leaf_spot,validation,leaf,moderate,,
Phyllosticta_LS_0057,Phyllosticta_LS_0057.jpg,phyllosticta_leaf_spot,train,leaf,mild,,
Phyllosticta_LS_0058,Phyllosticta_LS_0058.jpg,phyllosticta_leaf_spot,test,leaf,severe,,
Phyllosticta_LS_0059,Phyllosticta_LS_0059.jpg,phyllosticta_leaf_spot,train,leaf,severe,,
Phyllosticta_LS_0060,Phyllosticta_LS_0060.jpg,phyllosticta_leaf_spot,train,leaf,moderate,,
Phyllosticta_LS_0061,Phyllosticta_LS_0061.jpg,phyllosticta_leaf_spot,train,leaf,moderate,,
Phyllosticta_LS_0062,Phyllosticta_LS_0062.jpg,phyllosticta_leaf_spot,train,leaf,moderate,,
Phyllosticta_LS_0063,Phyllosticta_LS_0063.jpg,phyllosticta_leaf_spot,train,leaf,moderate,,
Phyllosticta_LS_0064,Phyllosticta_LS_0064.jpg,phyllosticta_leaf_spot,train,leaf,moderate,,
Phyllosticta_LS_0065,Phyllosticta_LS_0065.jpg,phyllosticta_leaf_spot,train,leaf,severe,,
Phyllosticta_LS_0066,Phyllosticta_LS_0066.jpg,phyllosticta_leaf_spot,train,leaf,severe,,
Phyllosticta_LS_0067,Phyllosticta_LS_0067.jpg,phyllosticta_leaf_spot,train,leaf,moderate,,
Phyllosticta_LS_0068,Phyllosticta_LS_0068.jpg,phyllosticta_leaf_spot,validation,leaf,moderate,,
Phyllosticta_LS_0069,Phyllosticta_LS_0069.jpg,phyllosticta_leaf_spot,train,leaf,moderate,,
Phyllosticta_LS_0070,Phyllosticta_LS_0070.jpg,phyllosticta_leaf_spot,train,leaf,severe,,
Phyllosticta_LS_0071,Phyllosticta_LS_0071.jpg,phyllosticta_leaf_spot,train,leaf,mild,,
Phyllosticta_LS_0072,Phyllosticta_LS_0072.jpg,phyllosticta_leaf_spot,test,leaf,severe,,
Phyllosticta_LS_0073,Phyllosticta_LS_0073.jpg,phyllosticta_leaf_spot,train,leaf,moderate,,
Phyllosticta_LS_0074,Phyllosticta_LS_0074.jpg,phyllosticta_leaf_spot,train,leaf,mild,,
Phyllosticta_LS_0075,Phyllosticta_LS_0075.jpg,phyllosticta_leaf_spot,train,leaf,moderate,,
Phyllosticta_LS_0076,Phyllosticta_LS_0076.jpg,phyllosticta_leaf_spot,validation,leaf,moderate,,
Phyllosticta_LS_0077,Phyllosticta_LS_0077.jpg,phyllosticta_leaf_spot,train,leaf,mild,,
Phyllosticta_LS_0078,Phyllosticta_LS_0078.jpg,phyllosticta_leaf_spot,train,leaf,mild,,
Phyllosticta_LS_0079,Phyllosticta_LS_0079.jpg,phyllosticta_leaf_spot,train,leaf,moderate,,
Phyllosticta_LS_0080,Phyllosticta_LS_0080.jpg,phyllosticta_leaf_spot,train,leaf,severe,,
Phyllosticta_LS_0081,Phyllosticta_LS_0081.jpg,phyllosticta_leaf_spot,train,leaf,mild,,
Phyllosticta_LS_0082,Phyllosticta_LS_0082.jpg,phyllosticta_leaf_spot,train,leaf,mild,,
Phyllosticta_LS_0083,Phyllosticta_LS_0083.jpg,phyllosticta_leaf_spot,train,leaf,mild,,
Phyllosticta_LS_0084,Phyllosticta_LS_0084.jpg,phyllosticta_leaf_spot,train,leaf,severe,,
Phyllosticta_LS_0085,Phyllosticta_LS_0085.jpg,phyllosticta_leaf_spot,train,leaf,severe,,
Phyllosticta_LS_0086,Phyllosticta_LS_0086.jpg,phyllosticta_leaf_spot,train,leaf,severe,,
Phyllosticta_LS_0087,Phyllosticta_LS_0087.jpg,phyllosticta_leaf_spot,validation,leaf,severe,,
Phyllosticta_LS_0088,Phyllosticta_LS_0088.jpg,phyllosticta_leaf_spot,validation,leaf,moderate,,
Phyllosticta_LS_0089,Phyllosticta_LS_0089.jpg,phyllosticta_leaf_spot,validation,leaf,mild,,
Phyllosticta_LS_0090,Phyllosticta_LS_0090.jpg,phyllosticta_leaf_spot,train,leaf,mild,,
Phyllosticta_LS_0091,Phyllosticta_LS_0091.jpg,phyllosticta_leaf_spot,train,leaf,moderate,,
Phyllosticta_LS_0092,Phyllosticta_LS_0092.jpg,phyllosticta_leaf_spot,validation,leaf,moderate,,
Phyllosticta_LS_0093,Phyllosticta_LS_0093.jpg,phyllosticta_leaf_spot,train,leaf,moderate,,
Phyllosticta_LS_0094,Phyllosticta_LS_0094.jpg,phyllosticta_leaf_spot,train,leaf,moderate,,
Phyllosticta_LS_0095,Phyllosticta_LS_0095.jpg,phyllosticta_leaf_spot,train,leaf,moderate,,
Phyllosticta_LS_0096,Phyllosticta_LS_0096.jpg,phyllosticta_leaf_spot,train,leaf,moderate,,
Phyllosticta_LS_0097,Phyllosticta_LS_0097.jpg,phyllosticta_leaf_spot,validation,leaf,moderate,,
Phyllosticta_LS_0098,Phyllosticta_LS_0098.jpg,phyllosticta_leaf_spot,validation,leaf,moderate,,
Phyllosticta_LS_0099,Phyllosticta_LS_0099.jpg,phyllosticta_leaf_spot,train,leaf,mild,,
Phyllosticta_LS_0100,Phyllosticta_LS_0100.jpg,phyllosticta_leaf_spot,train,leaf,mild,,
Phyllosticta_LS_0101,Phyllosticta_LS_0101.jpg,phyllosticta_leaf_spot,train,leaf,moderate,,
Phyllosticta_LS_0102,Phyllosticta_LS_0102.jpg,phyllosticta_leaf_spot,test,leaf,mild,,
Phyllosticta_LS_0103,Phyllosticta_LS_0103.jpg,phyllosticta_leaf_spot,train,leaf,moderate,,
Phyllosticta_LS_0104,Phyllosticta_LS_0104.jpg,phyllosticta_leaf_spot,train,leaf,mild,,
Phyllosticta_LS_0105,Phyllosticta_LS_0105.jpg,phyllosticta_leaf_spot,train,leaf,moderate,,
Phyllosticta_LS_0106,Phyllosticta_LS_0106.jpg,phyllosticta_leaf_spot,train,leaf,severe,,
Phyllosticta_LS_0107,Phyllosticta_LS_0107.jpg,phyllosticta_leaf_spot,train,leaf,moderate,,
Phyllosticta_LS_0108,Phyllosticta_LS_0108.jpg,phyllosticta_leaf_spot,train,leaf,moderate,,
Phyllosticta_LS_0109,Phyllosticta_LS_0109.jpg,phyllosticta_leaf_spot,validation,leaf,moderate,,
Phyllosticta_LS_0110,Phyllosticta_LS_0110.jpg,phyllosticta_leaf_spot,train,leaf,moderate,,
Phyllosticta_LS_0111,Phyllosticta_LS_0111.jpg,phyllosticta_leaf_spot,train,leaf,mild,,
Phyllosticta_LS_0112,Phyllosticta_LS_0112.jpg,phyllosticta_leaf_spot,test,leaf,mild,,
Phyllosticta_LS_0113,Phyllosticta_LS_0113.jpg,phyllosticta_leaf_spot,test,leaf,moderate,,
Phyllosticta_LS_0114,Phyllosticta_LS_0114.jpg,phyllosticta_leaf_spot,train,leaf,mild,,
Phyllosticta_LS_0115,Phyllosticta_LS_0115.jpg,phyllosticta_leaf_spot,test,leaf,moderate,,
Phyllosticta_LS_0116,Phyllosticta_LS_0116.jpg,phyllosticta_leaf_spot,train,leaf,mild,,
Phyllosticta_LS_0117,Phyllosticta_LS_0117.jpg,phyllosticta_leaf_spot,train,leaf,moderate,,
Phyllosticta_LS_0118,Phyllosticta_LS_0118.jpg,phyllosticta_leaf_spot,validation,leaf,moderate,,
Phyllosticta_LS_0119,Phyllosticta_LS_0119.jpg,phyllosticta_leaf_spot,train,leaf,severe,,
Phyllosticta_LS_0120,Phyllosticta_LS_0120.jpg,phyllosticta_leaf_spot,test,leaf,severe,,
Phyllosticta_LS_0121,Phyllosticta_LS_0121.jpg,phyllosticta_leaf_spot,train,leaf,severe,,
Phyllosticta_LS_0122,Phyllosticta_LS_0122.jpg,phyllosticta_leaf_spot,train,leaf,severe,,
Phyllosticta_LS_0123,Phyllosticta_LS_0123.jpg,phyllosticta_leaf_spot,train,leaf,severe,,
Phyllosticta_LS_0124,Phyllosticta_LS_0124.jpg,phyllosticta_leaf_spot,train,leaf,severe,,
Phyllosticta_LS_0125,Phyllosticta_LS_0125.jpg,phyllosticta_leaf_spot,train,leaf,severe,,
Phyllosticta_LS_0126,Phyllosticta_LS_0126.jpg,phyllosticta_leaf_spot,test,leaf,severe,,
Phyllosticta_LS_0127,Phyllosticta_LS_0127.jpg,phyllosticta_leaf_spot,train,leaf,moderate,,
Phyllosticta_LS_0128,Phyllosticta_LS_0128.jpg,phyllosticta_leaf_spot,train,leaf,mild,,
Phyllosticta_LS_0129,Phyllosticta_LS_0129.jpg,phyllosticta_leaf_spot,train,leaf,moderate,,
Phyllosticta_LS_0130,Phyllosticta_LS_0130.jpg,phyllosticta_leaf_spot,train,leaf,mild,,
Phyllosticta_LS_0131,Phyllosticta_LS_0131.jpg,phyllosticta_leaf_spot,train,leaf,severe,,
Phyllosticta_LS_0132,Phyllosticta_LS_0132.jpg,phyllosticta_leaf_spot,train,leaf,severe,,
Phyllosticta_LS_0133,Phyllosticta_LS_0133.jpg,phyllosticta_leaf_spot,train,leaf,moderate,,
Phyllosticta_LS_0134,Phyllosticta_LS_0134.jpg,phyllosticta_leaf_spot,train,leaf,moderate,,
Phyllosticta_LS_0135,Phyllosticta_LS_0135.jpg,phyllosticta_leaf_spot,train,leaf,moderate,,
Phyllosticta_LS_0136,Phyllosticta_LS_0136.jpg,phyllosticta_leaf_spot,train,leaf,severe,,
Phyllosticta_LS_0137,Phyllosticta_LS_0137.jpg,phyllosticta_leaf_spot,train,leaf,mild,,
Phyllosticta_LS_0138,Phyllosticta_LS_0138.jpg,phyllosticta_leaf_spot,validation,leaf,mild,,
Phyllosticta_LS_0139,Phyllosticta_LS_0139.jpg,phyllosticta_leaf_spot,train,leaf,moderate,,
Phyllosticta_LS_0140,Phyllosticta_LS_0140.jpg,phyllosticta_leaf_spot,train,leaf,severe,,
Phyllosticta_LS_0141,Phyllosticta_LS_0141.jpg,phyllosticta_leaf_spot,test,leaf,mild,,
Phyllosticta_LS_0142,Phyllosticta_LS_0142.jpg,phyllosticta_leaf_spot,validation,leaf,severe,,
Phyllosticta_LS_0143,Phyllosticta_LS_0143.jpg,phyllosticta_leaf_spot,train,leaf,severe,,
Phyllosticta_LS_0144,Phyllosticta_LS_0144.jpg,phyllosticta_leaf_spot,train,leaf,severe,,
Phyllosticta_LS_0145,Phyllosticta_LS_0145.jpg,phyllosticta_leaf_spot,train,leaf,severe,,
Phyllosticta_LS_0146,Phyllosticta_LS_0146.jpg,phyllosticta_leaf_spot,train,leaf,severe,,
Phyllosticta_LS_0147,Phyllosticta_LS_0147.jpg,phyllosticta_leaf_spot,train,leaf,mild,,
Phyllosticta_LS_0148,Phyllosticta_LS_0148.jpg,phyllosticta_leaf_spot,train,leaf,severe,,
Phyllosticta_LS_0149,Phyllosticta_LS_0149.jpg,phyllosticta_leaf_spot,train,leaf,severe,,
Phyllosticta_LS_0150,Phyllosticta_LS_0150.jpg,phyllosticta_leaf_spot,train,leaf,severe,,
Phyllosticta_LS_0151,Phyllosticta_LS_0151.jpg,phyllosticta_leaf_spot,test,leaf,severe,,
Phyllosticta_LS_0152,Phyllosticta_LS_0152.jpg,phyllosticta_leaf_spot,train,leaf,severe,,
Phyllosticta_LS_0153,Phyllosticta_LS_0153.jpg,phyllosticta_leaf_spot,train,leaf,severe,,
Phyllosticta_LS_0154,Phyllosticta_LS_0154.jpg,phyllosticta_leaf_spot,train,leaf,severe,,
Phyllosticta_LS_0155,Phyllosticta_LS_0155.jpg,phyllosticta_leaf_spot,validation,leaf,severe,,
Phyllosticta_LS_0156,Phyllosticta_LS_0156.jpg,phyllosticta_leaf_spot,train,leaf,severe,,
Phyllosticta_LS_0157,Phyllosticta_LS_0157.jpg,phyllosticta_leaf_spot,train,leaf,severe,,
Phyllosticta_LS_0158,Phyllosticta_LS_0158.jpg,phyllosticta_leaf_spot,train,leaf,mild,,
Phyllosticta_LS_0159,Phyllosticta_LS_0159.jpg,phyllosticta_leaf_spot,train,leaf,severe,,
Phyllosticta_LS_0160,Phyllosticta_LS_0160.jpg,phyllosticta_leaf_spot,train,leaf,moderate,,
Phyllosticta_LS_0161,Phyllosticta_LS_0161.jpg,phyllosticta_leaf_spot,train,leaf,moderate,,
Phyllosticta_LS_0162,Phyllosticta_LS_0162.jpg,phyllosticta_leaf_spot,train,leaf,severe,,
Phyllosticta_LS_0163,Phyllosticta_LS_0163.jpg,phyllosticta_leaf_spot,train,leaf,severe,,
Phyllosticta_LS_0164,Phyllosticta_LS_0164.jpg,phyllosticta_leaf_spot,train,leaf,severe,,
Phyllosticta_LS_0165,Phyllosticta_LS_0165.jpg,phyllosticta_leaf_spot,train,leaf,moderate,,
Phyllosticta_LS_0166,Phyllosticta_LS_0166.jpg,phyllosticta_leaf_spot,train,leaf,severe,,
Phyllosticta_LS_0167,Phyllosticta_LS_0167.jpg,phyllosticta_leaf_spot,train,leaf,severe,,
Phyllosticta_LS_0168,Phyllosticta_LS_0168.jpg,phyllosticta_leaf_spot,train,leaf,severe,,
Phyllosticta_LS_0169,Phyllosticta_LS_0169.jpg,phyllosticta_leaf_spot,train,leaf,severe,,
Phyllosticta_LS_0170,Phyllosticta_LS_0170.jpg,phyllosticta_leaf_spot,train,leaf,severe,,
Phyllosticta_LS_0171,Phyllosticta_LS_0171.jpg,phyllosticta_leaf_spot,train,leaf,severe,,
Phyllosticta_LS_0172,Phyllosticta_LS_0172.jpg,phyllosticta_leaf_spot,train,leaf,severe,,
Phyllosticta_LS_0173,Phyllosticta_LS_0173.jpg,phyllosticta_leaf_spot,train,leaf,severe,,
Phyllosticta_LS_0174,Phyllosticta_LS_0174.jpg,phyllosticta_leaf_spot,train,leaf,severe,,
Phyllosticta_LS_0175,Phyllosticta_LS_0175.jpg,phyllosticta_leaf_spot,train,leaf,moderate,,
Phyllosticta_LS_0176,Phyllosticta_LS_0176.jpg,phyllosticta_leaf_spot,train,leaf,severe,,
Phyllosticta_LS_0177,Phyllosticta_LS_0177.jpg,phyllosticta_leaf_spot,train,leaf,severe,,
Phyllosticta_LS_0178,Phyllosticta_LS_0178.jpg,phyllosticta_leaf_spot,train,leaf,mild,,
Phyllosticta_LS_0179,Phyllosticta_LS_0179.jpg,phyllosticta_leaf_spot,validation,leaf,mild,,
Phyllosticta_LS_0180,Phyllosticta_LS_0180.jpg,phyllosticta_leaf_spot,train,leaf,moderate,,
Phyllosticta_LS_0181,Phyllosticta_LS_0181.jpg,phyllosticta_leaf_spot,train,leaf,severe,,
Phyllosticta_LS_0182,Phyllosticta_LS_0182.jpg,phyllosticta_leaf_spot,train,leaf,severe,,
Phyllosticta_LS_0183,Phyllosticta_LS_0183.jpg,phyllosticta_leaf_spot,train,leaf,moderate,,
Phyllosticta_LS_0184,Phyllosticta_LS_0184.jpg,phyllosticta_leaf_spot,train,leaf,severe,,
Phyllosticta_LS_0185,Phyllosticta_LS_0185.jpg,phyllosticta_leaf_spot,train,leaf,severe,,
Phyllosticta_LS_0186,Phyllosticta_LS_0186.jpg,phyllosticta_leaf_spot,train,leaf,severe,,
Phyllosticta_LS_0187,Phyllosticta_LS_0187.jpg,phyllosticta_leaf_spot,validation,leaf,moderate,,
Phyllosticta_LS_0188,Phyllosticta_LS_0188.jpg,phyllosticta_leaf_spot,train,leaf,mild,,
Phyllosticta_LS_0189,Phyllosticta_LS_0189.jpg,phyllosticta_leaf_spot,train,leaf,severe,,
Phyllosticta_LS_0190,Phyllosticta_LS_0190.jpg,phyllosticta_leaf_spot,train,leaf,mild,,
Phyllosticta_LS_0191,Phyllosticta_LS_0191.jpg,phyllosticta_leaf_spot,train,leaf,moderate,,
Phyllosticta_LS_0192,Phyllosticta_LS_0192.jpg,phyllosticta_leaf_spot,train,leaf,severe,,
Phyllosticta_LS_0193,Phyllosticta_LS_0193.jpg,phyllosticta_leaf_spot,train,leaf,moderate,,
Phyllosticta_LS_0194,Phyllosticta_LS_0194.jpg,phyllosticta_leaf_spot,train,leaf,moderate,,
Phyllosticta_LS_0195,Phyllosticta_LS_0195.jpg,phyllosticta_leaf_spot,test,leaf,severe,,
Phyllosticta_LS_0196,Phyllosticta_LS_0196.jpg,phyllosticta_leaf_spot,validation,leaf,severe,,
Phyllosticta_LS_0197,Phyllosticta_LS_0197.jpg,phyllosticta_leaf_spot,train,leaf,mild,,
Phyllosticta_LS_0198,Phyllosticta_LS_0198.jpg,phyllosticta_leaf_spot,train,leaf,severe,,
Phyllosticta_LS_0199,Phyllosticta_LS_0199.jpg,phyllosticta_leaf_spot,train,leaf,severe,,
Phyllosticta_LS_0200,Phyllosticta_LS_0200.jpg,phyllosticta_leaf_spot,train,leaf,severe,,
Phyllosticta_LS_0201,Phyllosticta_LS_0201.jpg,phyllosticta_leaf_spot,train,leaf,severe,,
Phyllosticta_LS_0202,Phyllosticta_LS_0202.jpg,phyllosticta_leaf_spot,train,leaf,severe,,
Phyllosticta_LS_0203,Phyllosticta_LS_0203.jpg,phyllosticta_leaf_spot,train,leaf,severe,,
Phyllosticta_LS_0204,Phyllosticta_LS_0204.jpg,phyllosticta_leaf_spot,train,leaf,severe,,
Phyllosticta_LS_0205,Phyllosticta_LS_0205.jpg,phyllosticta_leaf_spot,train,leaf,severe,,
Phyllosticta_LS_0206,Phyllosticta_LS_0206.jpg,phyllosticta_leaf_spot,train,leaf,moderate,,
Phyllosticta_LS_0207,Phyllosticta_LS_0207.jpg,phyllosticta_leaf_spot,test,leaf,moderate,,
Phyllosticta_LS_0208,Phyllosticta_LS_0208.jpg,phyllosticta_leaf_spot,test,leaf,severe,,
Phyllosticta_LS_0209,Phyllosticta_LS_0209.jpg,phyllosticta_leaf_spot,train,leaf,mild,,
Phyllosticta_LS_0210,Phyllosticta_LS_0210.jpg,phyllosticta_leaf_spot,train,leaf,moderate,,
Phyllosticta_LS_0211,Phyllosticta_LS_0211.jpg,phyllosticta_leaf_spot,train,leaf,severe,,
Phyllosticta_LS_0212,Phyllosticta_LS_0212.jpg,phyllosticta_leaf_spot,train,leaf,severe,,
Phyllosticta_LS_0213,Phyllosticta_LS_0213.jpg,phyllosticta_leaf_spot,validation,leaf,severe,,
Phyllosticta_LS_0214,Phyllosticta_LS_0214.jpg,phyllosticta_leaf_spot,train,leaf,severe,,
Phyllosticta_LS_0215,Phyllosticta_LS_0215.jpg,phyllosticta_leaf_spot,test,leaf,severe,,
Phyllosticta_LS_0216,Phyllosticta_LS_0216.jpg,phyllosticta_leaf_spot,train,leaf,severe,,
Phyllosticta_LS_0217,Phyllosticta_LS_0217.jpg,phyllosticta_leaf_spot,test,leaf,severe,,
Phyllosticta_LS_0218,Phyllosticta_LS_0218.jpg,phyllosticta_leaf_spot,train,leaf,moderate,,
Phyllosticta_LS_0219,Phyllosticta_LS_0219.jpg,phyllosticta_leaf_spot,train,leaf,mild,,
Phyllosticta_LS_0220,Phyllosticta_LS_0220.jpg,phyllosticta_leaf_spot,train,leaf,moderate,,
Phyllosticta_LS_0221,Phyllosticta_LS_0221.jpg,phyllosticta_leaf_spot,train,leaf,moderate,,
Phyllosticta_LS_0222,Phyllosticta_LS_0222.jpg,phyllosticta_leaf_spot,train,leaf,severe,,
Phyllosticta_LS_0223,Phyllosticta_LS_0223.jpg,phyllosticta_leaf_spot,test,leaf,severe,,
Phyllosticta_LS_0224,Phyllosticta_LS_0224.jpg,phyllosticta_leaf_spot,train,leaf,mild,,
Phyllosticta_LS_0225,Phyllosticta_LS_0225.jpg,phyllosticta_leaf_spot,train,leaf,severe,,
Phyllosticta_LS_0226,Phyllosticta_LS_0226.jpg,phyllosticta_leaf_spot,train,leaf,moderate,,
Phyllosticta_LS_0227,Phyllosticta_LS_0227.jpg,phyllosticta_leaf_spot,train,leaf,moderate,,
Phyllosticta_LS_0228,Phyllosticta_LS_0228.jpg,phyllosticta_leaf_spot,train,leaf,severe,,
Phyllosticta_LS_0229,Phyllosticta_LS_0229.jpg,phyllosticta_leaf_spot,train,leaf,severe,,
Phyllosticta_LS_0230,Phyllosticta_LS_0230.jpg,phyllosticta_leaf_spot,test,leaf,severe,,
Phyllosticta_LS_0231,Phyllosticta_LS_0231.jpg,phyllosticta_leaf_spot,train,leaf,severe,,
Phyllosticta_LS_0232,Phyllosticta_LS_0232.jpg,phyllosticta_leaf_spot,train,leaf,moderate,,
Phyllosticta_LS_0233,Phyllosticta_LS_0233.jpg,phyllosticta_leaf_spot,train,leaf,moderate,,
Phyllosticta_LS_0234,Phyllosticta_LS_0234.jpg,phyllosticta_leaf_spot,train,leaf,moderate,,
Phyllosticta_LS_0235,Phyllosticta_LS_0235.jpg,phyllosticta_leaf_spot,train,leaf,severe,,
Phyllosticta_LS_0236,Phyllosticta_LS_0236.jpg,phyllosticta_leaf_spot,train,leaf,severe,,
Phyllosticta_LS_0237,Phyllosticta_LS_0237.jpg,phyllosticta_leaf_spot,train,leaf,severe,,
Phyllosticta_LS_0238,Phyllosticta_LS_0238.jpg,phyllosticta_leaf_spot,train,leaf,severe,,
Phyllosticta_LS_0239,Phyllosticta_LS_0239.jpg,phyllosticta_leaf_spot,train,leaf,severe,,
Phyllosticta_LS_0240,Phyllosticta_LS_0240.jpg,phyllosticta_leaf_spot,train,leaf,moderate,,
Phyllosticta_LS_0241,Phyllosticta_LS_0241.jpg,phyllosticta_leaf_spot,train,leaf,severe,,
Phyllosticta_LS_0242,Phyllosticta_LS_0242.jpg,phyllosticta_leaf_spot,train,leaf,severe,,
Phyllosticta_LS_0243,Phyllosticta_LS_0243.jpg,phyllosticta_leaf_spot,train,leaf,severe,,
Phyllosticta_LS_0244,Phyllosticta_LS_0244.jpg,phyllosticta_leaf_spot,train,leaf,severe,,
Phyllosticta_LS_0245,Phyllosticta_LS_0245.jpg,phyllosticta_leaf_spot,train,leaf,severe,,
Phyllosticta_LS_0246,Phyllosticta_LS_0246.jpg,phyllosticta_leaf_spot,train,leaf,severe,,
Phyllosticta_LS_0247,Phyllosticta_LS_0247.jpg,phyllosticta_leaf_spot,train,leaf,severe,,
Phyllosticta_LS_0248,Phyllosticta_LS_0248.jpg,phyllosticta_leaf_spot,train,leaf,severe,,
Phyllosticta_LS_0249,Phyllosticta_LS_0249.jpg,phyllosticta_leaf_spot,validation,leaf,severe,,
Phyllosticta_LS_0250,Phyllosticta_LS_0250.jpg,phyllosticta_leaf_spot,train,leaf,mild,,
Phyllosticta_LS_0251,Phyllosticta_LS_0251.jpg,phyllosticta_leaf_spot,train,leaf,severe,,
Phyllosticta_LS_0252,Phyllosticta_LS_0252.jpg,phyllosticta_leaf_spot,train,leaf,severe,,
Phyllosticta_LS_0253,Phyllosticta_LS_0253.jpg,phyllosticta_leaf_spot,train,leaf,mild,,
Phyllosticta_LS_0254,Phyllosticta_LS_0254.jpg,phyllosticta_leaf_spot,validation,leaf,severe,,
Phyllosticta_LS_0255,Phyllosticta_LS_0255.jpg,phyllosticta_leaf_spot,train,leaf,severe,,
Phyllosticta_LS_0256,Phyllosticta_LS_0256.jpg,phyllosticta_leaf_spot,train,leaf,severe,,
Phyllosticta_LS_0257,Phyllosticta_LS_0257.jpg,phyllosticta_leaf_spot,train,leaf,severe,,
Phyllosticta_LS_0258,Phyllosticta_LS_0258.jpg,phyllosticta_leaf_spot,train,leaf,severe,,
Phyllosticta_LS_0259,Phyllosticta_LS_0259.jpg,phyllosticta_leaf_spot,test,leaf,moderate,,
Phyllosticta_LS_0260,Phyllosticta_LS_0260.jpg,phyllosticta_leaf_spot,train,leaf,severe,,
Phyllosticta_LS_0261,Phyllosticta_LS_0261.jpg,phyllosticta_leaf_spot,train,leaf,severe,,
Phyllosticta_LS_0262,Phyllosticta_LS_0262.jpg,phyllosticta_leaf_spot,train,leaf,severe,,
Phyllosticta_LS_0263,Phyllosticta_LS_0263.jpg,phyllosticta_leaf_spot,train,leaf,severe,,
Phyllosticta_LS_0264,Phyllosticta_LS_0264.jpg,phyllosticta_leaf_spot,train,leaf,severe,,
Phyllosticta_LS_0265,Phyllosticta_LS_0265.jpg,phyllosticta_leaf_spot,train,leaf,severe,,
Phyllosticta_LS_0266,Phyllosticta_LS_0266.jpg,phyllosticta_leaf_spot,train,leaf,severe,,
Phyllosticta_LS_0267,Phyllosticta_LS_0267.jpg,phyllosticta_leaf_spot,validation,leaf,severe,,
Phyllosticta_LS_0268,Phyllosticta_LS_0268.jpg,phyllosticta_leaf_spot,train,leaf,severe,,
Phyllosticta_LS_0269,Phyllosticta_LS_0269.jpg,phyllosticta_leaf_spot,train,leaf,severe,,
Phyllosticta_LS_0270,Phyllosticta_LS_0270.jpg,phyllosticta_leaf_spot,test,leaf,moderate,,
Phyllosticta_LS_0271,Phyllosticta_LS_0271.jpg,phyllosticta_leaf_spot,train,leaf,moderate,,
Phyllosticta_LS_0272,Phyllosticta_LS_0272.jpg,phyllosticta_leaf_spot,train,leaf,mild,,
Phyllosticta_LS_0273,Phyllosticta_LS_0273.jpg,phyllosticta_leaf_spot,train,leaf,mild,,
Phyllosticta_LS_0274,Phyllosticta_LS_0274.jpg,phyllosticta_leaf_spot,train,leaf,severe,,
Phyllosticta_LS_0275,Phyllosticta_LS_0275.jpg,phyllosticta_leaf_spot,train,leaf,severe,,
