plant_id,tag_name,image_name,image_path,seed_parent,pollen_parent,genus,is_cross
plant001,UNKNOWN_1 X Dr Anek,IMG_6100.JPG,UNKNOWN_1 X Dr Anek\IMG_6100.JPG,UNKNOWN 1,Dr Anek,,True
plant001,UNKNOWN_1 X Dr Anek,IMG_6101.JPG,UNKNOWN_1 X Dr Anek\IMG_6101.JPG,UNKNOWN 1,Dr Anek,,True
plant001,UNKNOWN_1 X Dr Anek,IMG_6102.JPG,UNKNOWN_1 X Dr Anek\IMG_6102.JPG,UNKNOWN 1,Dr Anek,,True
plant001,UNKNOWN_1 X Dr Anek,IMG_6103.JPG,UNKNOWN_1 X Dr Anek\IMG_6103.JPG,UNKNOWN 1,Dr Anek,,True
plant001,UNKNOWN_1 X Dr Anek,IMG_6104.JPG,UNKNOWN_1 X Dr Anek\IMG_6104.JPG,UNKNOWN 1,Dr Anek,,True
plant001,UNKNOWN_1 X Dr Anek,IMG_6105.JPG,UNKNOWN_1 X Dr Anek\IMG_6105.JPG,UNKNOWN 1,Dr Anek,,True
plant001,UNKNOWN_1 X Dr Anek,IMG_6106.JPG,UNKNOWN_1 X Dr Anek\IMG_6106.JPG,UNKNOWN 1,Dr Anek,,True
plant001,UNKNOWN_1 X Dr Anek,IMG_6107.JPG,UNKNOWN_1 X Dr Anek\IMG_6107.JPG,UNKNOWN 1,Dr Anek,,True
plant001,UNKNOWN_1 X Dr Anek,IMG_6108.JPG,UNKNOWN_1 X Dr Anek\IMG_6108.JPG,UNKNOWN 1,Dr Anek,,True
plant001,UNKNOWN_1 X Dr Anek,IMG_6109.JPG,UNKNOWN_1 X Dr Anek\IMG_6109.JPG,UNKNOWN 1,Dr Anek,,True
plant001,UNKNOWN_1 X Dr Anek,IMG_6110.JPG,UNKNOWN_1 X Dr Anek\IMG_6110.JPG,UNKNOWN 1,Dr Anek,,True
plant002,UNKNOWN_2,IMG_6153.JPG,UNKNOWN_2\IMG_6153.JPG,,,,False
plant002,UNKNOWN_2,IMG_6154.JPG,UNKNOWN_2\IMG_6154.JPG,,,,False
plant002,UNKNOWN_2,IMG_6155.JPG,UNKNOWN_2\IMG_6155.JPG,,,,False
plant002,UNKNOWN_2,IMG_6156.JPG,UNKNOWN_2\IMG_6156.JPG,,,,False
plant002,UNKNOWN_2,IMG_6157.JPG,UNKNOWN_2\IMG_6157.JPG,,,,False
plant002,UNKNOWN_2,IMG_6158.JPG,UNKNOWN_2\IMG_6158.JPG,,,,False
plant002,UNKNOWN_2,IMG_6159.JPG,UNKNOWN_2\IMG_6159.JPG,,,,False
plant002,UNKNOWN_2,IMG_6160.JPG,UNKNOWN_2\IMG_6160.JPG,,,,False
plant003,UNKNOWN_3,IMG_6153.JPG,UNKNOWN_3\IMG_6153.JPG,,,,False
plant003,UNKNOWN_3,IMG_6154.JPG,UNKNOWN_3\IMG_6154.JPG,,,,False
plant003,UNKNOWN_3,IMG_6155.JPG,UNKNOWN_3\IMG_6155.JPG,,,,False
plant003,UNKNOWN_3,IMG_6156.JPG,UNKNOWN_3\IMG_6156.JPG,,,,False
plant003,UNKNOWN_3,IMG_6157.JPG,UNKNOWN_3\IMG_6157.JPG,,,,False
plant003,UNKNOWN_3,IMG_6158.JPG,UNKNOWN_3\IMG_6158.JPG,,,,False
plant003,UNKNOWN_3,IMG_6159.JPG,UNKNOWN_3\IMG_6159.JPG,,,,False
plant003,UNKNOWN_3,IMG_6160.JPG,UNKNOWN_3\IMG_6160.JPG,,,,False
plant004,UNKNOWN_4,IMG_6161.JPG,UNKNOWN_4\IMG_6161.JPG,,,,False
plant004,UNKNOWN_4,IMG_6162.JPG,UNKNOWN_4\IMG_6162.JPG,,,,False
plant004,UNKNOWN_4,IMG_6163.JPG,UNKNOWN_4\IMG_6163.JPG,,,,False
plant004,UNKNOWN_4,IMG_6164.JPG,UNKNOWN_4\IMG_6164.JPG,,,,False
plant004,UNKNOWN_4,IMG_6165.JPG,UNKNOWN_4\IMG_6165.JPG,,,,False
plant004,UNKNOWN_4,IMG_6166.JPG,UNKNOWN_4\IMG_6166.JPG,,,,False
plant004,UNKNOWN_4,IMG_6167.JPG,UNKNOWN_4\IMG_6167.JPG,,,,False
plant004,UNKNOWN_4,IMG_6168.JPG,UNKNOWN_4\IMG_6168.JPG,,,,False
plant004,UNKNOWN_4,IMG_6169.JPG,UNKNOWN_4\IMG_6169.JPG,,,,False
plant004,UNKNOWN_4,IMG_6170.JPG,UNKNOWN_4\IMG_6170.JPG,,,,False
plant004,UNKNOWN_4,IMG_6171.JPG,UNKNOWN_4\IMG_6171.JPG,,,,False
plant004,UNKNOWN_4,IMG_6172.JPG,UNKNOWN_4\IMG_6172.JPG,,,,False
plant004,UNKNOWN_4,IMG_6173.JPG,UNKNOWN_4\IMG_6173.JPG,,,,False
plant005,UNKNOWN_5,IMG_6205.JPG,UNKNOWN_5\IMG_6205.JPG,,,,False
plant005,UNKNOWN_5,IMG_6206.JPG,UNKNOWN_5\IMG_6206.JPG,,,,False
plant005,UNKNOWN_5,IMG_6207.JPG,UNKNOWN_5\IMG_6207.JPG,,,,False
plant005,UNKNOWN_5,IMG_6208.JPG,UNKNOWN_5\IMG_6208.JPG,,,,False
plant005,UNKNOWN_5,IMG_6209.JPG,UNKNOWN_5\IMG_6209.JPG,,,,False
plant005,UNKNOWN_5,IMG_6210.JPG,UNKNOWN_5\IMG_6210.JPG,,,,False
plant005,UNKNOWN_5,IMG_6211.JPG,UNKNOWN_5\IMG_6211.JPG,,,,False
plant005,UNKNOWN_5,IMG_6212.JPG,UNKNOWN_5\IMG_6212.JPG,,,,False
plant005,UNKNOWN_5,IMG_6213.JPG,UNKNOWN_5\IMG_6213.JPG,,,,False
plant005,UNKNOWN_5,IMG_6214.JPG,UNKNOWN_5\IMG_6214.JPG,,,,False
plant005,UNKNOWN_5,IMG_6215.JPG,UNKNOWN_5\IMG_6215.JPG,,,,False
plant006,UNKNOWN_6,IMG_6217.JPG,UNKNOWN_6\IMG_6217.JPG,,,,False
plant006,UNKNOWN_6,IMG_6218.JPG,UNKNOWN_6\IMG_6218.JPG,,,,False
plant006,UNKNOWN_6,IMG_6219.JPG,UNKNOWN_6\IMG_6219.JPG,,,,False
plant006,UNKNOWN_6,IMG_6220.JPG,UNKNOWN_6\IMG_6220.JPG,,,,False
plant006,UNKNOWN_6,IMG_6221.JPG,UNKNOWN_6\IMG_6221.JPG,,,,False
plant006,UNKNOWN_6,IMG_6222.JPG,UNKNOWN_6\IMG_6222.JPG,,,,False
plant006,UNKNOWN_6,IMG_6223.JPG,UNKNOWN_6\IMG_6223.JPG,,,,False
plant006,UNKNOWN_6,IMG_6224.JPG,UNKNOWN_6\IMG_6224.JPG,,,,False
plant006,UNKNOWN_6,IMG_6225.JPG,UNKNOWN_6\IMG_6225.JPG,,,,False
plant006,UNKNOWN_6,IMG_6226.JPG,UNKNOWN_6\IMG_6226.JPG,,,,False
plant006,UNKNOWN_6,IMG_6227.JPG,UNKNOWN_6\IMG_6227.JPG,,,,False
plant006,UNKNOWN_6,IMG_6228.JPG,UNKNOWN_6\IMG_6228.JPG,,,,False
plant006,UNKNOWN_6,IMG_6229.JPG,UNKNOWN_6\IMG_6229.JPG,,,,False
plant006,UNKNOWN_6,IMG_6230.JPG,UNKNOWN_6\IMG_6230.JPG,,,,False
plant006,UNKNOWN_6,IMG_6231.JPG,UNKNOWN_6\IMG_6231.JPG,,,,False
plant006,UNKNOWN_6,IMG_6232.JPG,UNKNOWN_6\IMG_6232.JPG,,,,False
plant006,UNKNOWN_6,IMG_6233.JPG,UNKNOWN_6\IMG_6233.JPG,,,,False
plant007,UNKNOWN_7,IMG_6234.JPG,UNKNOWN_7\IMG_6234.JPG,,,,False
plant007,UNKNOWN_7,IMG_6235.JPG,UNKNOWN_7\IMG_6235.JPG,,,,False
plant007,UNKNOWN_7,IMG_6236.JPG,UNKNOWN_7\IMG_6236.JPG,,,,False
plant007,UNKNOWN_7,IMG_6237.JPG,UNKNOWN_7\IMG_6237.JPG,,,,False
plant007,UNKNOWN_7,IMG_6238.JPG,UNKNOWN_7\IMG_6238.JPG,,,,False
plant007,UNKNOWN_7,IMG_6239.JPG,UNKNOWN_7\IMG_6239.JPG,,,,False
plant008,UNKNOWN_8  X V. Kultana Gold,IMG_6241.JPG,UNKNOWN_8  X V. Kultana Gold\IMG_6241.JPG,UNKNOWN 8,V. Kultana Gold,,True
plant008,UNKNOWN_8  X V. Kultana Gold,IMG_6242.JPG,UNKNOWN_8  X V. Kultana Gold\IMG_6242.JPG,UNKNOWN 8,V. Kultana Gold,,True
plant008,UNKNOWN_8  X V. Kultana Gold,IMG_6243.JPG,UNKNOWN_8  X V. Kultana Gold\IMG_6243.JPG,UNKNOWN 8,V. Kultana Gold,,True
plant008,UNKNOWN_8  X V. Kultana Gold,IMG_6244.JPG,UNKNOWN_8  X V. Kultana Gold\IMG_6244.JPG,UNKNOWN 8,V. Kultana Gold,,True
plant008,UNKNOWN_8  X V. Kultana Gold,IMG_6245.JPG,UNKNOWN_8  X V. Kultana Gold\IMG_6245.JPG,UNKNOWN 8,V. Kultana Gold,,True
plant009,UNKNOWN_9,IMG_6280.JPG,UNKNOWN_9\IMG_6280.JPG,,,,False
plant009,UNKNOWN_9,IMG_6281.JPG,UNKNOWN_9\IMG_6281.JPG,,,,False
plant009,UNKNOWN_9,IMG_6282.JPG,UNKNOWN_9\IMG_6282.JPG,,,,False
plant009,UNKNOWN_9,IMG_6283.JPG,UNKNOWN_9\IMG_6283.JPG,,,,False
plant010,V .manuel torres,IMG_6303.JPG,V .manuel torres\IMG_6303.JPG,,,Vanda,False
plant010,V .manuel torres,IMG_6304.JPG,V .manuel torres\IMG_6304.JPG,,,Vanda,False
plant010,V .manuel torres,IMG_6305.JPG,V .manuel torres\IMG_6305.JPG,,,Vanda,False
plant010,V .manuel torres,IMG_6306.JPG,V .manuel torres\IMG_6306.JPG,,,Vanda,False
plant011,V. Ascda Orange Delight X  V. Ascda.Kultana pappion,IMG_6182.JPG,V. Ascda Orange Delight X  V. Ascda.Kultana pappion\IMG_6182.JPG,Orange Delight,V. Ascda.Kultana pappion,Vanda,True
plant011,V. Ascda Orange Delight X  V. Ascda.Kultana pappion,IMG_6183.JPG,V. Ascda Orange Delight X  V. Ascda.Kultana pappion\IMG_6183.JPG,Orange Delight,V. Ascda.Kultana pappion,Vanda,True
plant011,V. Ascda Orange Delight X  V. Ascda.Kultana pappion,IMG_6184.JPG,V. Ascda Orange Delight X  V. Ascda.Kultana pappion\IMG_6184.JPG,Orange Delight,V. Ascda.Kultana pappion,Vanda,True
plant011,V. Ascda Orange Delight X  V. Ascda.Kultana pappion,IMG_6185.JPG,V. Ascda Orange Delight X  V. Ascda.Kultana pappion\IMG_6185.JPG,Orange Delight,V. Ascda.Kultana pappion,Vanda,True
plant011,V. Ascda Orange Delight X  V. Ascda.Kultana pappion,IMG_6186.JPG,V. Ascda Orange Delight X  V. Ascda.Kultana pappion\IMG_6186.JPG,Orange Delight,V. Ascda.Kultana pappion,Vanda,True
plant012,V. Dr Anek X V. Kimikayo,IMG_6496.JPG,V. Dr Anek X V. Kimikayo\IMG_6496.JPG,Dr Anek,V. Kimikayo,Vanda,True
plant012,V. Dr Anek X V. Kimikayo,IMG_6497.JPG,V. Dr Anek X V. Kimikayo\IMG_6497.JPG,Dr Anek,V. Kimikayo,Vanda,True
plant012,V. Dr Anek X V. Kimikayo,IMG_6498.JPG,V. Dr Anek X V. Kimikayo\IMG_6498.JPG,Dr Anek,V. Kimikayo,Vanda,True
plant012,V. Dr Anek X V. Kimikayo,IMG_6499.JPG,V. Dr Anek X V. Kimikayo\IMG_6499.JPG,Dr Anek,V. Kimikayo,Vanda,True
plant012,V. Dr Anek X V. Kimikayo,IMG_6500.JPG,V. Dr Anek X V. Kimikayo\IMG_6500.JPG,Dr Anek,V. Kimikayo,Vanda,True
plant012,V. Dr Anek X V. Kimikayo,IMG_6501.JPG,V. Dr Anek X V. Kimikayo\IMG_6501.JPG,Dr Anek,V. Kimikayo,Vanda,True
plant012,V. Dr Anek X V. Kimikayo,IMG_6502.JPG,V. Dr Anek X V. Kimikayo\IMG_6502.JPG,Dr Anek,V. Kimikayo,Vanda,True
plant012,V. Dr Anek X V. Kimikayo,IMG_6503.JPG,V. Dr Anek X V. Kimikayo\IMG_6503.JPG,Dr Anek,V. Kimikayo,Vanda,True
plant012,V. Dr Anek X V. Kimikayo,IMG_6504.JPG,V. Dr Anek X V. Kimikayo\IMG_6504.JPG,Dr Anek,V. Kimikayo,Vanda,True
plant012,V. Dr Anek X V. Kimikayo,IMG_6505.JPG,V. Dr Anek X V. Kimikayo\IMG_6505.JPG,Dr Anek,V. Kimikayo,Vanda,True
plant012,V. Dr Anek X V. Kimikayo,IMG_6506.JPG,V. Dr Anek X V. Kimikayo\IMG_6506.JPG,Dr Anek,V. Kimikayo,Vanda,True
plant013,V. Duang Porn X Rhynchostylis gigantea,IMG_6139.JPG,V. Duang Porn X Rhynchostylis gigantea\IMG_6139.JPG,Duang Porn,Rhynchostylis gigantea,Vanda,True
plant013,V. Duang Porn X Rhynchostylis gigantea,IMG_6140.JPG,V. Duang Porn X Rhynchostylis gigantea\IMG_6140.JPG,Duang Porn,Rhynchostylis gigantea,Vanda,True
plant013,V. Duang Porn X Rhynchostylis gigantea,IMG_6141.JPG,V. Duang Porn X Rhynchostylis gigantea\IMG_6141.JPG,Duang Porn,Rhynchostylis gigantea,Vanda,True
plant013,V. Duang Porn X Rhynchostylis gigantea,IMG_6142.JPG,V. Duang Porn X Rhynchostylis gigantea\IMG_6142.JPG,Duang Porn,Rhynchostylis gigantea,Vanda,True
plant013,V. Duang Porn X Rhynchostylis gigantea,IMG_6143.JPG,V. Duang Porn X Rhynchostylis gigantea\IMG_6143.JPG,Duang Porn,Rhynchostylis gigantea,Vanda,True
plant013,V. Duang Porn X Rhynchostylis gigantea,IMG_6144.JPG,V. Duang Porn X Rhynchostylis gigantea\IMG_6144.JPG,Duang Porn,Rhynchostylis gigantea,Vanda,True
plant013,V. Duang Porn X Rhynchostylis gigantea,IMG_6145.JPG,V. Duang Porn X Rhynchostylis gigantea\IMG_6145.JPG,Duang Porn,Rhynchostylis gigantea,Vanda,True
plant013,V. Duang Porn X Rhynchostylis gigantea,IMG_6275.JPG,V. Duang Porn X Rhynchostylis gigantea\IMG_6275.JPG,Duang Porn,Rhynchostylis gigantea,Vanda,True
plant013,V. Duang Porn X Rhynchostylis gigantea,IMG_6276.JPG,V. Duang Porn X Rhynchostylis gigantea\IMG_6276.JPG,Duang Porn,Rhynchostylis gigantea,Vanda,True
plant013,V. Duang Porn X Rhynchostylis gigantea,IMG_6277.JPG,V. Duang Porn X Rhynchostylis gigantea\IMG_6277.JPG,Duang Porn,Rhynchostylis gigantea,Vanda,True
plant013,V. Duang Porn X Rhynchostylis gigantea,IMG_6278.JPG,V. Duang Porn X Rhynchostylis gigantea\IMG_6278.JPG,Duang Porn,Rhynchostylis gigantea,Vanda,True
plant013,V. Duang Porn X Rhynchostylis gigantea,IMG_6279.JPG,V. Duang Porn X Rhynchostylis gigantea\IMG_6279.JPG,Duang Porn,Rhynchostylis gigantea,Vanda,True
plant014,V. Fantastic Fanfare 4n X V. Wirat 4n,IMG_6080.JPG,V. Fantastic Fanfare 4n X V. Wirat 4n\IMG_6080.JPG,Fantastic Fanfare,V. Wirat,Vanda,True
plant014,V. Fantastic Fanfare 4n X V. Wirat 4n,IMG_6081.JPG,V. Fantastic Fanfare 4n X V. Wirat 4n\IMG_6081.JPG,Fantastic Fanfare,V. Wirat,Vanda,True
plant014,V. Fantastic Fanfare 4n X V. Wirat 4n,IMG_6082.JPG,V. Fantastic Fanfare 4n X V. Wirat 4n\IMG_6082.JPG,Fantastic Fanfare,V. Wirat,Vanda,True
plant014,V. Fantastic Fanfare 4n X V. Wirat 4n,IMG_6083.JPG,V. Fantastic Fanfare 4n X V. Wirat 4n\IMG_6083.JPG,Fantastic Fanfare,V. Wirat,Vanda,True
plant014,V. Fantastic Fanfare 4n X V. Wirat 4n,IMG_6084.JPG,V. Fantastic Fanfare 4n X V. Wirat 4n\IMG_6084.JPG,Fantastic Fanfare,V. Wirat,Vanda,True
plant014,V. Fantastic Fanfare 4n X V. Wirat 4n,IMG_6085.JPG,V. Fantastic Fanfare 4n X V. Wirat 4n\IMG_6085.JPG,Fantastic Fanfare,V. Wirat,Vanda,True
plant014,V. Fantastic Fanfare 4n X V. Wirat 4n,IMG_6086.JPG,V. Fantastic Fanfare 4n X V. Wirat 4n\IMG_6086.JPG,Fantastic Fanfare,V. Wirat,Vanda,True
plant014,V. Fantastic Fanfare 4n X V. Wirat 4n,IMG_6087.JPG,V. Fantastic Fanfare 4n X V. Wirat 4n\IMG_6087.JPG,Fantastic Fanfare,V. Wirat,Vanda,True
plant014,V. Fantastic Fanfare 4n X V. Wirat 4n,IMG_6088.JPG,V. Fantastic Fanfare 4n X V. Wirat 4n\IMG_6088.JPG,Fantastic Fanfare,V. Wirat,Vanda,True
plant015,V. Fuch Sunset X V. Dr Anek,IMG_6482.JPG,V. Fuch Sunset X V. Dr Anek\IMG_6482.JPG,Fuch Sunset,V. Dr Anek,Vanda,True
plant015,V. Fuch Sunset X V. Dr Anek,IMG_6483.JPG,V. Fuch Sunset X V. Dr Anek\IMG_6483.JPG,Fuch Sunset,V. Dr Anek,Vanda,True
plant015,V. Fuch Sunset X V. Dr Anek,IMG_6484.JPG,V. Fuch Sunset X V. Dr Anek\IMG_6484.JPG,Fuch Sunset,V. Dr Anek,Vanda,True
plant015,V. Fuch Sunset X V. Dr Anek,IMG_6485.JPG,V. Fuch Sunset X V. Dr Anek\IMG_6485.JPG,Fuch Sunset,V. Dr Anek,Vanda,True
plant015,V. Fuch Sunset X V. Dr Anek,IMG_6487.JPG,V. Fuch Sunset X V. Dr Anek\IMG_6487.JPG,Fuch Sunset,V. Dr Anek,Vanda,True
plant015,V. Fuch Sunset X V. Dr Anek,IMG_6488.JPG,V. Fuch Sunset X V. Dr Anek\IMG_6488.JPG,Fuch Sunset,V. Dr Anek,Vanda,True
plant015,V. Fuch Sunset X V. Dr Anek,IMG_6489.JPG,V. Fuch Sunset X V. Dr Anek\IMG_6489.JPG,Fuch Sunset,V. Dr Anek,Vanda,True
plant015,V. Fuch Sunset X V. Dr Anek,IMG_6490.JPG,V. Fuch Sunset X V. Dr Anek\IMG_6490.JPG,Fuch Sunset,V. Dr Anek,Vanda,True
plant015,V. Fuch Sunset X V. Dr Anek,IMG_6491.JPG,V. Fuch Sunset X V. Dr Anek\IMG_6491.JPG,Fuch Sunset,V. Dr Anek,Vanda,True
plant015,V. Fuch Sunset X V. Dr Anek,IMG_6492.JPG,V. Fuch Sunset X V. Dr Anek\IMG_6492.JPG,Fuch Sunset,V. Dr Anek,Vanda,True
plant015,V. Fuch Sunset X V. Dr Anek,IMG_6493.JPG,V. Fuch Sunset X V. Dr Anek\IMG_6493.JPG,Fuch Sunset,V. Dr Anek,Vanda,True
plant015,V. Fuch Sunset X V. Dr Anek,IMG_6494.JPG,V. Fuch Sunset X V. Dr Anek\IMG_6494.JPG,Fuch Sunset,V. Dr Anek,Vanda,True
plant015,V. Fuch Sunset X V. Dr Anek,IMG_6495.JPG,V. Fuch Sunset X V. Dr Anek\IMG_6495.JPG,Fuch Sunset,V. Dr Anek,Vanda,True
plant016,V. Gordon Dillon X Dr Anek x Blitz,IMG_6034.JPG,V. Gordon Dillon X Dr Anek x Blitz\IMG_6034.JPG,Gordon Dillon,Dr Anek,Vanda,True
plant016,V. Gordon Dillon X Dr Anek x Blitz,IMG_6035.JPG,V. Gordon Dillon X Dr Anek x Blitz\IMG_6035.JPG,Gordon Dillon,Dr Anek,Vanda,True
plant016,V. Gordon Dillon X Dr Anek x Blitz,IMG_6036.JPG,V. Gordon Dillon X Dr Anek x Blitz\IMG_6036.JPG,Gordon Dillon,Dr Anek,Vanda,True
plant016,V. Gordon Dillon X Dr Anek x Blitz,IMG_6037.JPG,V. Gordon Dillon X Dr Anek x Blitz\IMG_6037.JPG,Gordon Dillon,Dr Anek,Vanda,True
plant016,V. Gordon Dillon X Dr Anek x Blitz,IMG_6038.JPG,V. Gordon Dillon X Dr Anek x Blitz\IMG_6038.JPG,Gordon Dillon,Dr Anek,Vanda,True
plant016,V. Gordon Dillon X Dr Anek x Blitz,IMG_6039.JPG,V. Gordon Dillon X Dr Anek x Blitz\IMG_6039.JPG,Gordon Dillon,Dr Anek,Vanda,True
plant016,V. Gordon Dillon X Dr Anek x Blitz,IMG_6040.JPG,V. Gordon Dillon X Dr Anek x Blitz\IMG_6040.JPG,Gordon Dillon,Dr Anek,Vanda,True
plant017,V. Indian Incense X  V. tessellata,IMG_6125.JPG,V. Indian Incense X  V. tessellata\IMG_6125.JPG,Indian Incense,V. tessellata,Vanda,True
plant017,V. Indian Incense X  V. tessellata,IMG_6126.JPG,V. Indian Incense X  V. tessellata\IMG_6126.JPG,Indian Incense,V. tessellata,Vanda,True
plant017,V. Indian Incense X  V. tessellata,IMG_6127.JPG,V. Indian Incense X  V. tessellata\IMG_6127.JPG,Indian Incense,V. tessellata,Vanda,True
plant017,V. Indian Incense X  V. tessellata,IMG_6128.JPG,V. Indian Incense X  V. tessellata\IMG_6128.JPG,Indian Incense,V. tessellata,Vanda,True
plant017,V. Indian Incense X  V. tessellata,IMG_6129.JPG,V. Indian Incense X  V. tessellata\IMG_6129.JPG,Indian Incense,V. tessellata,Vanda,True
plant017,V. Indian Incense X  V. tessellata,IMG_6130.JPG,V. Indian Incense X  V. tessellata\IMG_6130.JPG,Indian Incense,V. tessellata,Vanda,True
plant017,V. Indian Incense X  V. tessellata,IMG_6131.JPG,V. Indian Incense X  V. tessellata\IMG_6131.JPG,Indian Incense,V. tessellata,Vanda,True
plant017,V. Indian Incense X  V. tessellata,IMG_6132.JPG,V. Indian Incense X  V. tessellata\IMG_6132.JPG,Indian Incense,V. tessellata,Vanda,True
plant017,V. Indian Incense X  V. tessellata,IMG_6133.JPG,V. Indian Incense X  V. tessellata\IMG_6133.JPG,Indian Incense,V. tessellata,Vanda,True
plant017,V. Indian Incense X  V. tessellata,IMG_6134.JPG,V. Indian Incense X  V. tessellata\IMG_6134.JPG,Indian Incense,V. tessellata,Vanda,True
plant017,V. Indian Incense X  V. tessellata,IMG_6135.JPG,V. Indian Incense X  V. tessellata\IMG_6135.JPG,Indian Incense,V. tessellata,Vanda,True
plant017,V. Indian Incense X  V. tessellata,IMG_6136.JPG,V. Indian Incense X  V. tessellata\IMG_6136.JPG,Indian Incense,V. tessellata,Vanda,True
plant017,V. Indian Incense X  V. tessellata,IMG_6137.JPG,V. Indian Incense X  V. tessellata\IMG_6137.JPG,Indian Incense,V. tessellata,Vanda,True
plant017,V. Indian Incense X  V. tessellata,IMG_6138.JPG,V. Indian Incense X  V. tessellata\IMG_6138.JPG,Indian Incense,V. tessellata,Vanda,True
plant017,V. Indian Incense X  V. tessellata,IMG_6194.JPG,V. Indian Incense X  V. tessellata\IMG_6194.JPG,Indian Incense,V. tessellata,Vanda,True
plant017,V. Indian Incense X  V. tessellata,IMG_6195.JPG,V. Indian Incense X  V. tessellata\IMG_6195.JPG,Indian Incense,V. tessellata,Vanda,True
plant017,V. Indian Incense X  V. tessellata,IMG_6196.JPG,V. Indian Incense X  V. tessellata\IMG_6196.JPG,Indian Incense,V. tessellata,Vanda,True
plant017,V. Indian Incense X  V. tessellata,IMG_6197.JPG,V. Indian Incense X  V. tessellata\IMG_6197.JPG,Indian Incense,V. tessellata,Vanda,True
plant017,V. Indian Incense X  V. tessellata,IMG_6198.JPG,V. Indian Incense X  V. tessellata\IMG_6198.JPG,Indian Incense,V. tessellata,Vanda,True
plant017,V. Indian Incense X  V. tessellata,IMG_6199.JPG,V. Indian Incense X  V. tessellata\IMG_6199.JPG,Indian Incense,V. tessellata,Vanda,True
plant017,V. Indian Incense X  V. tessellata,IMG_6200.JPG,V. Indian Incense X  V. tessellata\IMG_6200.JPG,Indian Incense,V. tessellata,Vanda,True
plant017,V. Indian Incense X  V. tessellata,IMG_6201.JPG,V. Indian Incense X  V. tessellata\IMG_6201.JPG,Indian Incense,V. tessellata,Vanda,True
plant017,V. Indian Incense X  V. tessellata,IMG_6202.JPG,V. Indian Incense X  V. tessellata\IMG_6202.JPG,Indian Incense,V. tessellata,Vanda,True
plant017,V. Indian Incense X  V. tessellata,IMG_6203.JPG,V. Indian Incense X  V. tessellata\IMG_6203.JPG,Indian Incense,V. tessellata,Vanda,True
plant017,V. Indian Incense X  V. tessellata,IMG_6204.JPG,V. Indian Incense X  V. tessellata\IMG_6204.JPG,Indian Incense,V. tessellata,Vanda,True
plant017,V. Indian Incense X  V. tessellata,IMG_6246.JPG,V. Indian Incense X  V. tessellata\IMG_6246.JPG,Indian Incense,V. tessellata,Vanda,True
plant017,V. Indian Incense X  V. tessellata,IMG_6247.JPG,V. Indian Incense X  V. tessellata\IMG_6247.JPG,Indian Incense,V. tessellata,Vanda,True
plant017,V. Indian Incense X  V. tessellata,IMG_6248.JPG,V. Indian Incense X  V. tessellata\IMG_6248.JPG,Indian Incense,V. tessellata,Vanda,True
plant017,V. Indian Incense X  V. tessellata,IMG_6249.JPG,V. Indian Incense X  V. tessellata\IMG_6249.JPG,Indian Incense,V. tessellata,Vanda,True
plant017,V. Indian Incense X  V. tessellata,IMG_6250.JPG,V. Indian Incense X  V. tessellata\IMG_6250.JPG,Indian Incense,V. tessellata,Vanda,True
plant017,V. Indian Incense X  V. tessellata,IMG_6251.JPG,V. Indian Incense X  V. tessellata\IMG_6251.JPG,Indian Incense,V. tessellata,Vanda,True
plant017,V. Indian Incense X  V. tessellata,IMG_6252.JPG,V. Indian Incense X  V. tessellata\IMG_6252.JPG,Indian Incense,V. tessellata,Vanda,True
plant017,V. Indian Incense X  V. tessellata,IMG_6253.JPG,V. Indian Incense X  V. tessellata\IMG_6253.JPG,Indian Incense,V. tessellata,Vanda,True
plant017,V. Indian Incense X  V. tessellata,IMG_6254.JPG,V. Indian Incense X  V. tessellata\IMG_6254.JPG,Indian Incense,V. tessellata,Vanda,True
plant017,V. Indian Incense X  V. tessellata,IMG_6255.JPG,V. Indian Incense X  V. tessellata\IMG_6255.JPG,Indian Incense,V. tessellata,Vanda,True
plant017,V. Indian Incense X  V. tessellata,IMG_6256.JPG,V. Indian Incense X  V. tessellata\IMG_6256.JPG,Indian Incense,V. tessellata,Vanda,True
plant017,V. Indian Incense X  V. tessellata,IMG_6257.JPG,V. Indian Incense X  V. tessellata\IMG_6257.JPG,Indian Incense,V. tessellata,Vanda,True
plant017,V. Indian Incense X  V. tessellata,IMG_6258.JPG,V. Indian Incense X  V. tessellata\IMG_6258.JPG,Indian Incense,V. tessellata,Vanda,True
plant017,V. Indian Incense X  V. tessellata,IMG_6350.JPG,V. Indian Incense X  V. tessellata\IMG_6350.JPG,Indian Incense,V. tessellata,Vanda,True
plant017,V. Indian Incense X  V. tessellata,IMG_6351.JPG,V. Indian Incense X  V. tessellata\IMG_6351.JPG,Indian Incense,V. tessellata,Vanda,True
plant017,V. Indian Incense X  V. tessellata,IMG_6352.JPG,V. Indian Incense X  V. tessellata\IMG_6352.JPG,Indian Incense,V. tessellata,Vanda,True
plant017,V. Indian Incense X  V. tessellata,IMG_6353.JPG,V. Indian Incense X  V. tessellata\IMG_6353.JPG,Indian Incense,V. tessellata,Vanda,True
plant017,V. Indian Incense X  V. tessellata,IMG_6354.JPG,V. Indian Incense X  V. tessellata\IMG_6354.JPG,Indian Incense,V. tessellata,Vanda,True
plant017,V. Indian Incense X  V. tessellata,IMG_6355.JPG,V. Indian Incense X  V. tessellata\IMG_6355.JPG,Indian Incense,V. tessellata,Vanda,True
plant018,V. Kultana Ruby X V(marue) Bitz's Heart,IMG_6339.JPG,V. Kultana Ruby X V(marue) Bitz's Heart\IMG_6339.JPG,Kultana Ruby,V(marue) Bitz's Heart,Vanda,True
plant018,V. Kultana Ruby X V(marue) Bitz's Heart,IMG_6340.JPG,V. Kultana Ruby X V(marue) Bitz's Heart\IMG_6340.JPG,Kultana Ruby,V(marue) Bitz's Heart,Vanda,True
plant018,V. Kultana Ruby X V(marue) Bitz's Heart,IMG_6341.JPG,V. Kultana Ruby X V(marue) Bitz's Heart\IMG_6341.JPG,Kultana Ruby,V(marue) Bitz's Heart,Vanda,True
plant018,V. Kultana Ruby X V(marue) Bitz's Heart,IMG_6342.JPG,V. Kultana Ruby X V(marue) Bitz's Heart\IMG_6342.JPG,Kultana Ruby,V(marue) Bitz's Heart,Vanda,True
plant018,V. Kultana Ruby X V(marue) Bitz's Heart,IMG_6343.JPG,V. Kultana Ruby X V(marue) Bitz's Heart\IMG_6343.JPG,Kultana Ruby,V(marue) Bitz's Heart,Vanda,True
plant018,V. Kultana Ruby X V(marue) Bitz's Heart,IMG_6344.JPG,V. Kultana Ruby X V(marue) Bitz's Heart\IMG_6344.JPG,Kultana Ruby,V(marue) Bitz's Heart,Vanda,True
plant018,V. Kultana Ruby X V(marue) Bitz's Heart,IMG_6345.JPG,V. Kultana Ruby X V(marue) Bitz's Heart\IMG_6345.JPG,Kultana Ruby,V(marue) Bitz's Heart,Vanda,True
plant018,V. Kultana Ruby X V(marue) Bitz's Heart,IMG_6346.JPG,V. Kultana Ruby X V(marue) Bitz's Heart\IMG_6346.JPG,Kultana Ruby,V(marue) Bitz's Heart,Vanda,True
plant018,V. Kultana Ruby X V(marue) Bitz's Heart,IMG_6347.JPG,V. Kultana Ruby X V(marue) Bitz's Heart\IMG_6347.JPG,Kultana Ruby,V(marue) Bitz's Heart,Vanda,True
plant018,V. Kultana Ruby X V(marue) Bitz's Heart,IMG_6348.JPG,V. Kultana Ruby X V(marue) Bitz's Heart\IMG_6348.JPG,Kultana Ruby,V(marue) Bitz's Heart,Vanda,True
plant019,V. Kultana blue X V . luzonica,IMG_6077.JPG,V. Kultana blue X V . luzonica\IMG_6077.JPG,Kultana blue,V . luzonica,Vanda,True
plant019,V. Kultana blue X V . luzonica,IMG_6078.JPG,V. Kultana blue X V . luzonica\IMG_6078.JPG,Kultana blue,V . luzonica,Vanda,True
plant019,V. Kultana blue X V . luzonica,IMG_6079.JPG,V. Kultana blue X V . luzonica\IMG_6079.JPG,Kultana blue,V . luzonica,Vanda,True
plant019,V. Kultana blue X V . luzonica,IMG_6362.JPG,V. Kultana blue X V . luzonica\IMG_6362.JPG,Kultana blue,V . luzonica,Vanda,True
plant019,V. Kultana blue X V . luzonica,IMG_6363.JPG,V. Kultana blue X V . luzonica\IMG_6363.JPG,Kultana blue,V . luzonica,Vanda,True
plant019,V. Kultana blue X V . luzonica,IMG_6364.JPG,V. Kultana blue X V . luzonica\IMG_6364.JPG,Kultana blue,V . luzonica,Vanda,True
plant019,V. Kultana blue X V . luzonica,IMG_6365.JPG,V. Kultana blue X V . luzonica\IMG_6365.JPG,Kultana blue,V . luzonica,Vanda,True
plant019,V. Kultana blue X V . luzonica,IMG_6366.JPG,V. Kultana blue X V . luzonica\IMG_6366.JPG,Kultana blue,V . luzonica,Vanda,True
plant019,V. Kultana blue X V . luzonica,IMG_6367.JPG,V. Kultana blue X V . luzonica\IMG_6367.JPG,Kultana blue,V . luzonica,Vanda,True
plant019,V. Kultana blue X V . luzonica,IMG_6368.JPG,V. Kultana blue X V . luzonica\IMG_6368.JPG,Kultana blue,V . luzonica,Vanda,True
plant019,V. Kultana blue X V . luzonica,IMG_6369.JPG,V. Kultana blue X V . luzonica\IMG_6369.JPG,Kultana blue,V . luzonica,Vanda,True
plant020,V. Kulwadee 28 X  V.Chaopraya,IMG_6470.JPG,V. Kulwadee 28 X  V.Chaopraya\IMG_6470.JPG,Kulwadee 28,V.Chaopraya,Vanda,True
plant020,V. Kulwadee 28 X  V.Chaopraya,IMG_6471.JPG,V. Kulwadee 28 X  V.Chaopraya\IMG_6471.JPG,Kulwadee 28,V.Chaopraya,Vanda,True
plant020,V. Kulwadee 28 X  V.Chaopraya,IMG_6472.JPG,V. Kulwadee 28 X  V.Chaopraya\IMG_6472.JPG,Kulwadee 28,V.Chaopraya,Vanda,True
plant020,V. Kulwadee 28 X  V.Chaopraya,IMG_6473.JPG,V. Kulwadee 28 X  V.Chaopraya\IMG_6473.JPG,Kulwadee 28,V.Chaopraya,Vanda,True
plant020,V. Kulwadee 28 X  V.Chaopraya,IMG_6474.JPG,V. Kulwadee 28 X  V.Chaopraya\IMG_6474.JPG,Kulwadee 28,V.Chaopraya,Vanda,True
plant020,V. Kulwadee 28 X  V.Chaopraya,IMG_6475.JPG,V. Kulwadee 28 X  V.Chaopraya\IMG_6475.JPG,Kulwadee 28,V.Chaopraya,Vanda,True
plant020,V. Kulwadee 28 X  V.Chaopraya,IMG_6476.JPG,V. Kulwadee 28 X  V.Chaopraya\IMG_6476.JPG,Kulwadee 28,V.Chaopraya,Vanda,True
plant020,V. Kulwadee 28 X  V.Chaopraya,IMG_6477.JPG,V. Kulwadee 28 X  V.Chaopraya\IMG_6477.JPG,Kulwadee 28,V.Chaopraya,Vanda,True
plant020,V. Kulwadee 28 X  V.Chaopraya,IMG_6478.JPG,V. Kulwadee 28 X  V.Chaopraya\IMG_6478.JPG,Kulwadee 28,V.Chaopraya,Vanda,True
plant020,V. Kulwadee 28 X  V.Chaopraya,IMG_6479.JPG,V. Kulwadee 28 X  V.Chaopraya\IMG_6479.JPG,Kulwadee 28,V.Chaopraya,Vanda,True
plant021,V. Mimi Palmer X V. coerulea,IMG_6379.JPG,V. Mimi Palmer X V. coerulea\IMG_6379.JPG,Mimi Palmer,V. coerulea,Vanda,True
plant021,V. Mimi Palmer X V. coerulea,IMG_6380.JPG,V. Mimi Palmer X V. coerulea\IMG_6380.JPG,Mimi Palmer,V. coerulea,Vanda,True
plant021,V. Mimi Palmer X V. coerulea,IMG_6381.JPG,V. Mimi Palmer X V. coerulea\IMG_6381.JPG,Mimi Palmer,V. coerulea,Vanda,True
plant021,V. Mimi Palmer X V. coerulea,IMG_6382.JPG,V. Mimi Palmer X V. coerulea\IMG_6382.JPG,Mimi Palmer,V. coerulea,Vanda,True
plant021,V. Mimi Palmer X V. coerulea,IMG_6383.JPG,V. Mimi Palmer X V. coerulea\IMG_6383.JPG,Mimi Palmer,V. coerulea,Vanda,True
plant022,V. Noppadon Delight,IMG_6041.JPG,V. Noppadon Delight\IMG_6041.JPG,,,Vanda,False
plant022,V. Noppadon Delight,IMG_6042.JPG,V. Noppadon Delight\IMG_6042.JPG,,,Vanda,False
plant022,V. Noppadon Delight,IMG_6043.JPG,V. Noppadon Delight\IMG_6043.JPG,,,Vanda,False
plant022,V. Noppadon Delight,IMG_6044.JPG,V. Noppadon Delight\IMG_6044.JPG,,,Vanda,False
plant022,V. Noppadon Delight,IMG_6045.JPG,V. Noppadon Delight\IMG_6045.JPG,,,Vanda,False
plant022,V. Noppadon Delight,IMG_6046.JPG,V. Noppadon Delight\IMG_6046.JPG,,,Vanda,False
plant022,V. Noppadon Delight,IMG_6047.JPG,V. Noppadon Delight\IMG_6047.JPG,,,Vanda,False
plant022,V. Noppadon Delight,IMG_6048.JPG,V. Noppadon Delight\IMG_6048.JPG,,,Vanda,False
plant022,V. Noppadon Delight,IMG_6049.JPG,V. Noppadon Delight\IMG_6049.JPG,,,Vanda,False
plant022,V. Noppadon Delight,IMG_6050.JPG,V. Noppadon Delight\IMG_6050.JPG,,,Vanda,False
plant023,V. Orchidaceae,IMG_6096.JPG,V. Orchidaceae\IMG_6096.JPG,,,Vanda,False
plant023,V. Orchidaceae,IMG_6097.JPG,V. Orchidaceae\IMG_6097.JPG,,,Vanda,False
plant023,V. Orchidaceae,IMG_6098.JPG,V. Orchidaceae\IMG_6098.JPG,,,Vanda,False
plant024,V. Pachara Blue,IMG_6441.JPG,V. Pachara Blue\IMG_6441.JPG,,,Vanda,False
plant024,V. Pachara Blue,IMG_6442.JPG,V. Pachara Blue\IMG_6442.JPG,,,Vanda,False
plant024,V. Pachara Blue,IMG_6443.JPG,V. Pachara Blue\IMG_6443.JPG,,,Vanda,False
plant024,V. Pachara Blue,IMG_6444.JPG,V. Pachara Blue\IMG_6444.JPG,,,Vanda,False
plant024,V. Pachara Blue,IMG_6445.JPG,V. Pachara Blue\IMG_6445.JPG,,,Vanda,False
plant024,V. Pachara Blue,IMG_6446.JPG,V. Pachara Blue\IMG_6446.JPG,,,Vanda,False
plant024,V. Pachara Blue,IMG_6447.JPG,V. Pachara Blue\IMG_6447.JPG,,,Vanda,False
plant024,V. Pachara Blue,IMG_6448.JPG,V. Pachara Blue\IMG_6448.JPG,,,Vanda,False
plant024,V. Pachara Blue,IMG_6449.JPG,V. Pachara Blue\IMG_6449.JPG,,,Vanda,False
plant025,V. Pak Chong Blue 3n,IMG_6174.JPG,V. Pak Chong Blue 3n\IMG_6174.JPG,,,Vanda,False
plant025,V. Pak Chong Blue 3n,IMG_6175.JPG,V. Pak Chong Blue 3n\IMG_6175.JPG,,,Vanda,False
plant025,V. Pak Chong Blue 3n,IMG_6176.JPG,V. Pak Chong Blue 3n\IMG_6176.JPG,,,Vanda,False
plant025,V. Pak Chong Blue 3n,IMG_6177.JPG,V. Pak Chong Blue 3n\IMG_6177.JPG,,,Vanda,False
plant025,V. Pak Chong Blue 3n,IMG_6178.JPG,V. Pak Chong Blue 3n\IMG_6178.JPG,,,Vanda,False
plant025,V. Pak Chong Blue 3n,IMG_6179.JPG,V. Pak Chong Blue 3n\IMG_6179.JPG,,,Vanda,False
plant025,V. Pak Chong Blue 3n,IMG_6180.JPG,V. Pak Chong Blue 3n\IMG_6180.JPG,,,Vanda,False
plant025,V. Pak Chong Blue 3n,IMG_6181.JPG,V. Pak Chong Blue 3n\IMG_6181.JPG,,,Vanda,False
plant026,V. Pats Delight Violet,IMG_6259.JPG,V. Pats Delight Violet\IMG_6259.JPG,,,Vanda,False
plant026,V. Pats Delight Violet,IMG_6260.JPG,V. Pats Delight Violet\IMG_6260.JPG,,,Vanda,False
plant026,V. Pats Delight Violet,IMG_6261.JPG,V. Pats Delight Violet\IMG_6261.JPG,,,Vanda,False
plant026,V. Pats Delight Violet,IMG_6262.JPG,V. Pats Delight Violet\IMG_6262.JPG,,,Vanda,False
plant026,V. Pats Delight Violet,IMG_6263.JPG,V. Pats Delight Violet\IMG_6263.JPG,,,Vanda,False
plant026,V. Pats Delight Violet,IMG_6264.JPG,V. Pats Delight Violet\IMG_6264.JPG,,,Vanda,False
plant026,V. Pats Delight Violet,IMG_6265.JPG,V. Pats Delight Violet\IMG_6265.JPG,,,Vanda,False
plant026,V. Pats Delight Violet,IMG_6266.JPG,V. Pats Delight Violet\IMG_6266.JPG,,,Vanda,False
plant026,V. Pats Delight Violet,IMG_6267.JPG,V. Pats Delight Violet\IMG_6267.JPG,,,Vanda,False
plant026,V. Pats Delight Violet,IMG_6330.JPG,V. Pats Delight Violet\IMG_6330.JPG,,,Vanda,False
plant026,V. Pats Delight Violet,IMG_6331.JPG,V. Pats Delight Violet\IMG_6331.JPG,,,Vanda,False
plant026,V. Pats Delight Violet,IMG_6332.JPG,V. Pats Delight Violet\IMG_6332.JPG,,,Vanda,False
plant026,V. Pats Delight Violet,IMG_6333.JPG,V. Pats Delight Violet\IMG_6333.JPG,,,Vanda,False
plant026,V. Pats Delight Violet,IMG_6334.JPG,V. Pats Delight Violet\IMG_6334.JPG,,,Vanda,False
plant026,V. Pats Delight Violet,IMG_6335.JPG,V. Pats Delight Violet\IMG_6335.JPG,,,Vanda,False
plant026,V. Pats Delight Violet,IMG_6336.JPG,V. Pats Delight Violet\IMG_6336.JPG,,,Vanda,False
plant026,V. Pats Delight Violet,IMG_6337.JPG,V. Pats Delight Violet\IMG_6337.JPG,,,Vanda,False
plant027,V. Prapathom Gold X V. Dr Anek,IMG_6408.JPG,V. Prapathom Gold X V. Dr Anek\IMG_6408.JPG,Prapathom Gold,V. Dr Anek,Vanda,True
plant027,V. Prapathom Gold X V. Dr Anek,IMG_6409.JPG,V. Prapathom Gold X V. Dr Anek\IMG_6409.JPG,Prapathom Gold,V. Dr Anek,Vanda,True
plant027,V. Prapathom Gold X V. Dr Anek,IMG_6410.JPG,V. Prapathom Gold X V. Dr Anek\IMG_6410.JPG,Prapathom Gold,V. Dr Anek,Vanda,True
plant027,V. Prapathom Gold X V. Dr Anek,IMG_6411.JPG,V. Prapathom Gold X V. Dr Anek\IMG_6411.JPG,Prapathom Gold,V. Dr Anek,Vanda,True
plant027,V. Prapathom Gold X V. Dr Anek,IMG_6412.JPG,V. Prapathom Gold X V. Dr Anek\IMG_6412.JPG,Prapathom Gold,V. Dr Anek,Vanda,True
plant027,V. Prapathom Gold X V. Dr Anek,IMG_6413.JPG,V. Prapathom Gold X V. Dr Anek\IMG_6413.JPG,Prapathom Gold,V. Dr Anek,Vanda,True
plant027,V. Prapathom Gold X V. Dr Anek,IMG_6414.JPG,V. Prapathom Gold X V. Dr Anek\IMG_6414.JPG,Prapathom Gold,V. Dr Anek,Vanda,True
plant027,V. Prapathom Gold X V. Dr Anek,IMG_6415.JPG,V. Prapathom Gold X V. Dr Anek\IMG_6415.JPG,Prapathom Gold,V. Dr Anek,Vanda,True
plant027,V. Prapathom Gold X V. Dr Anek,IMG_6416.JPG,V. Prapathom Gold X V. Dr Anek\IMG_6416.JPG,Prapathom Gold,V. Dr Anek,Vanda,True
plant027,V. Prapathom Gold X V. Dr Anek,IMG_6417.JPG,V. Prapathom Gold X V. Dr Anek\IMG_6417.JPG,Prapathom Gold,V. Dr Anek,Vanda,True
plant027,V. Prapathom Gold X V. Dr Anek,IMG_6418.JPG,V. Prapathom Gold X V. Dr Anek\IMG_6418.JPG,Prapathom Gold,V. Dr Anek,Vanda,True
plant027,V. Prapathom Gold X V. Dr Anek,IMG_6419.JPG,V. Prapathom Gold X V. Dr Anek\IMG_6419.JPG,Prapathom Gold,V. Dr Anek,Vanda,True
plant028,V. Robert Delight  X V. Sanderiana,IMG_6307.JPG,V. Robert Delight  X V. Sanderiana\IMG_6307.JPG,Robert Delight,V. Sanderiana,Vanda,True
plant028,V. Robert Delight  X V. Sanderiana,IMG_6308.JPG,V. Robert Delight  X V. Sanderiana\IMG_6308.JPG,Robert Delight,V. Sanderiana,Vanda,True
plant028,V. Robert Delight  X V. Sanderiana,IMG_6309.JPG,V. Robert Delight  X V. Sanderiana\IMG_6309.JPG,Robert Delight,V. Sanderiana,Vanda,True
plant028,V. Robert Delight  X V. Sanderiana,IMG_6310.JPG,V. Robert Delight  X V. Sanderiana\IMG_6310.JPG,Robert Delight,V. Sanderiana,Vanda,True
plant028,V. Robert Delight  X V. Sanderiana,IMG_6311.JPG,V. Robert Delight  X V. Sanderiana\IMG_6311.JPG,Robert Delight,V. Sanderiana,Vanda,True
plant028,V. Robert Delight  X V. Sanderiana,IMG_6312.JPG,V. Robert Delight  X V. Sanderiana\IMG_6312.JPG,Robert Delight,V. Sanderiana,Vanda,True
plant028,V. Robert Delight  X V. Sanderiana,IMG_6313.JPG,V. Robert Delight  X V. Sanderiana\IMG_6313.JPG,Robert Delight,V. Sanderiana,Vanda,True
plant028,V. Robert Delight  X V. Sanderiana,IMG_6314.JPG,V. Robert Delight  X V. Sanderiana\IMG_6314.JPG,Robert Delight,V. Sanderiana,Vanda,True
plant028,V. Robert Delight  X V. Sanderiana,IMG_6315.JPG,V. Robert Delight  X V. Sanderiana\IMG_6315.JPG,Robert Delight,V. Sanderiana,Vanda,True
plant028,V. Robert Delight  X V. Sanderiana,IMG_6316.JPG,V. Robert Delight  X V. Sanderiana\IMG_6316.JPG,Robert Delight,V. Sanderiana,Vanda,True
plant028,V. Robert Delight  X V. Sanderiana,IMG_6317.JPG,V. Robert Delight  X V. Sanderiana\IMG_6317.JPG,Robert Delight,V. Sanderiana,Vanda,True
plant028,V. Robert Delight  X V. Sanderiana,IMG_6318.JPG,V. Robert Delight  X V. Sanderiana\IMG_6318.JPG,Robert Delight,V. Sanderiana,Vanda,True
plant028,V. Robert Delight  X V. Sanderiana,IMG_6319.JPG,V. Robert Delight  X V. Sanderiana\IMG_6319.JPG,Robert Delight,V. Sanderiana,Vanda,True
plant028,V. Robert Delight  X V. Sanderiana,IMG_6320.JPG,V. Robert Delight  X V. Sanderiana\IMG_6320.JPG,Robert Delight,V. Sanderiana,Vanda,True
plant028,V. Robert Delight  X V. Sanderiana,IMG_6321.JPG,V. Robert Delight  X V. Sanderiana\IMG_6321.JPG,Robert Delight,V. Sanderiana,Vanda,True
plant029,V. Rothschildiana X V. Warut Fuchsia,IMG_6385.JPG,V. Rothschildiana X V. Warut Fuchsia\IMG_6385.JPG,Rothschildiana,V. Warut Fuchsia,Vanda,True
plant029,V. Rothschildiana X V. Warut Fuchsia,IMG_6386.JPG,V. Rothschildiana X V. Warut Fuchsia\IMG_6386.JPG,Rothschildiana,V. Warut Fuchsia,Vanda,True
plant029,V. Rothschildiana X V. Warut Fuchsia,IMG_6387.JPG,V. Rothschildiana X V. Warut Fuchsia\IMG_6387.JPG,Rothschildiana,V. Warut Fuchsia,Vanda,True
plant029,V. Rothschildiana X V. Warut Fuchsia,IMG_6388.JPG,V. Rothschildiana X V. Warut Fuchsia\IMG_6388.JPG,Rothschildiana,V. Warut Fuchsia,Vanda,True
plant029,V. Rothschildiana X V. Warut Fuchsia,IMG_6389.JPG,V. Rothschildiana X V. Warut Fuchsia\IMG_6389.JPG,Rothschildiana,V. Warut Fuchsia,Vanda,True
plant029,V. Rothschildiana X V. Warut Fuchsia,IMG_6390.JPG,V. Rothschildiana X V. Warut Fuchsia\IMG_6390.JPG,Rothschildiana,V. Warut Fuchsia,Vanda,True
plant029,V. Rothschildiana X V. Warut Fuchsia,IMG_6391.JPG,V. Rothschildiana X V. Warut Fuchsia\IMG_6391.JPG,Rothschildiana,V. Warut Fuchsia,Vanda,True
plant029,V. Rothschildiana X V. Warut Fuchsia,IMG_6392.JPG,V. Rothschildiana X V. Warut Fuchsia\IMG_6392.JPG,Rothschildiana,V. Warut Fuchsia,Vanda,True
plant029,V. Rothschildiana X V. Warut Fuchsia,IMG_6393.JPG,V. Rothschildiana X V. Warut Fuchsia\IMG_6393.JPG,Rothschildiana,V. Warut Fuchsia,Vanda,True
plant029,V. Rothschildiana X V. Warut Fuchsia,IMG_6394.JPG,V. Rothschildiana X V. Warut Fuchsia\IMG_6394.JPG,Rothschildiana,V. Warut Fuchsia,Vanda,True
plant029,V. Rothschildiana X V. Warut Fuchsia,IMG_6395.JPG,V. Rothschildiana X V. Warut Fuchsia\IMG_6395.JPG,Rothschildiana,V. Warut Fuchsia,Vanda,True
plant029,V. Rothschildiana X V. Warut Fuchsia,IMG_6396.JPG,V. Rothschildiana X V. Warut Fuchsia\IMG_6396.JPG,Rothschildiana,V. Warut Fuchsia,Vanda,True
plant029,V. Rothschildiana X V. Warut Fuchsia,IMG_6397.JPG,V. Rothschildiana X V. Warut Fuchsia\IMG_6397.JPG,Rothschildiana,V. Warut Fuchsia,Vanda,True
plant029,V. Rothschildiana X V. Warut Fuchsia,IMG_6398.JPG,V. Rothschildiana X V. Warut Fuchsia\IMG_6398.JPG,Rothschildiana,V. Warut Fuchsia,Vanda,True
plant030,V. Ruchiroj,IMG_6400.JPG,V. Ruchiroj\IMG_6400.JPG,,,Vanda,False
plant030,V. Ruchiroj,IMG_6401.JPG,V. Ruchiroj\IMG_6401.JPG,,,Vanda,False
plant030,V. Ruchiroj,IMG_6402.JPG,V. Ruchiroj\IMG_6402.JPG,,,Vanda,False
plant030,V. Ruchiroj,IMG_6403.JPG,V. Ruchiroj\IMG_6403.JPG,,,Vanda,False
plant030,V. Ruchiroj,IMG_6404.JPG,V. Ruchiroj\IMG_6404.JPG,,,Vanda,False
plant030,V. Ruchiroj,IMG_6405.JPG,V. Ruchiroj\IMG_6405.JPG,,,Vanda,False
plant030,V. Ruchiroj,IMG_6406.JPG,V. Ruchiroj\IMG_6406.JPG,,,Vanda,False
plant030,V. Ruchiroj,IMG_6407.JPG,V. Ruchiroj\IMG_6407.JPG,,,Vanda,False
plant031,V. Sankamphaeng X  V. Vivan,IMG_6187.JPG,V. Sankamphaeng X  V. Vivan\IMG_6187.JPG,Sankamphaeng,V. Vivan,Vanda,True
plant031,V. Sankamphaeng X  V. Vivan,IMG_6188.JPG,V. Sankamphaeng X  V. Vivan\IMG_6188.JPG,Sankamphaeng,V. Vivan,Vanda,True
plant031,V. Sankamphaeng X  V. Vivan,IMG_6189.JPG,V. Sankamphaeng X  V. Vivan\IMG_6189.JPG,Sankamphaeng,V. Vivan,Vanda,True
plant031,V. Sankamphaeng X  V. Vivan,IMG_6190.JPG,V. Sankamphaeng X  V. Vivan\IMG_6190.JPG,Sankamphaeng,V. Vivan,Vanda,True
plant031,V. Sankamphaeng X  V. Vivan,IMG_6191.JPG,V. Sankamphaeng X  V. Vivan\IMG_6191.JPG,Sankamphaeng,V. Vivan,Vanda,True
plant031,V. Sankamphaeng X  V. Vivan,IMG_6192.JPG,V. Sankamphaeng X  V. Vivan\IMG_6192.JPG,Sankamphaeng,V. Vivan,Vanda,True
plant032,V. Suwannabhumi Butterfly,IMG_6065.JPG,V. Suwannabhumi Butterfly\IMG_6065.JPG,,,Vanda,False
plant032,V. Suwannabhumi Butterfly,IMG_6066.JPG,V. Suwannabhumi Butterfly\IMG_6066.JPG,,,Vanda,False
plant032,V. Suwannabhumi Butterfly,IMG_6067.JPG,V. Suwannabhumi Butterfly\IMG_6067.JPG,,,Vanda,False
plant032,V. Suwannabhumi Butterfly,IMG_6068.JPG,V. Suwannabhumi Butterfly\IMG_6068.JPG,,,Vanda,False
plant032,V. Suwannabhumi Butterfly,IMG_6069.JPG,V. Suwannabhumi Butterfly\IMG_6069.JPG,,,Vanda,False
plant032,V. Suwannabhumi Butterfly,IMG_6070.JPG,V. Suwannabhumi Butterfly\IMG_6070.JPG,,,Vanda,False
plant032,V. Suwannabhumi Butterfly,IMG_6071.JPG,V. Suwannabhumi Butterfly\IMG_6071.JPG,,,Vanda,False
plant032,V. Suwannabhumi Butterfly,IMG_6072.JPG,V. Suwannabhumi Butterfly\IMG_6072.JPG,,,Vanda,False
plant033,V. Thanan Pari X Ascda.Kultana Flame,IMG_6112.JPG,V. Thanan Pari X Ascda.Kultana Flame\IMG_6112.JPG,Thanan Pari,Ascda.Kultana Flame,Vanda,True
plant033,V. Thanan Pari X Ascda.Kultana Flame,IMG_6113.JPG,V. Thanan Pari X Ascda.Kultana Flame\IMG_6113.JPG,Thanan Pari,Ascda.Kultana Flame,Vanda,True
plant033,V. Thanan Pari X Ascda.Kultana Flame,IMG_6114.JPG,V. Thanan Pari X Ascda.Kultana Flame\IMG_6114.JPG,Thanan Pari,Ascda.Kultana Flame,Vanda,True
plant033,V. Thanan Pari X Ascda.Kultana Flame,IMG_6115.JPG,V. Thanan Pari X Ascda.Kultana Flame\IMG_6115.JPG,Thanan Pari,Ascda.Kultana Flame,Vanda,True
plant033,V. Thanan Pari X Ascda.Kultana Flame,IMG_6116.JPG,V. Thanan Pari X Ascda.Kultana Flame\IMG_6116.JPG,Thanan Pari,Ascda.Kultana Flame,Vanda,True
plant033,V. Thanan Pari X Ascda.Kultana Flame,IMG_6117.JPG,V. Thanan Pari X Ascda.Kultana Flame\IMG_6117.JPG,Thanan Pari,Ascda.Kultana Flame,Vanda,True
plant033,V. Thanan Pari X Ascda.Kultana Flame,IMG_6118.JPG,V. Thanan Pari X Ascda.Kultana Flame\IMG_6118.JPG,Thanan Pari,Ascda.Kultana Flame,Vanda,True
plant033,V. Thanan Pari X Ascda.Kultana Flame,IMG_6119.JPG,V. Thanan Pari X Ascda.Kultana Flame\IMG_6119.JPG,Thanan Pari,Ascda.Kultana Flame,Vanda,True
plant033,V. Thanan Pari X Ascda.Kultana Flame,IMG_6120.JPG,V. Thanan Pari X Ascda.Kultana Flame\IMG_6120.JPG,Thanan Pari,Ascda.Kultana Flame,Vanda,True
plant033,V. Thanan Pari X Ascda.Kultana Flame,IMG_6121.JPG,V. Thanan Pari X Ascda.Kultana Flame\IMG_6121.JPG,Thanan Pari,Ascda.Kultana Flame,Vanda,True
plant033,V. Thanan Pari X Ascda.Kultana Flame,IMG_6122.JPG,V. Thanan Pari X Ascda.Kultana Flame\IMG_6122.JPG,Thanan Pari,Ascda.Kultana Flame,Vanda,True
plant033,V. Thanan Pari X Ascda.Kultana Flame,IMG_6123.JPG,V. Thanan Pari X Ascda.Kultana Flame\IMG_6123.JPG,Thanan Pari,Ascda.Kultana Flame,Vanda,True
plant033,V. Thanan Pari X Ascda.Kultana Flame,IMG_6124.JPG,V. Thanan Pari X Ascda.Kultana Flame\IMG_6124.JPG,Thanan Pari,Ascda.Kultana Flame,Vanda,True
plant033,V. Thanan Pari X Ascda.Kultana Flame,IMG_6294.JPG,V. Thanan Pari X Ascda.Kultana Flame\IMG_6294.JPG,Thanan Pari,Ascda.Kultana Flame,Vanda,True
plant033,V. Thanan Pari X Ascda.Kultana Flame,IMG_6295.JPG,V. Thanan Pari X Ascda.Kultana Flame\IMG_6295.JPG,Thanan Pari,Ascda.Kultana Flame,Vanda,True
plant033,V. Thanan Pari X Ascda.Kultana Flame,IMG_6296.JPG,V. Thanan Pari X Ascda.Kultana Flame\IMG_6296.JPG,Thanan Pari,Ascda.Kultana Flame,Vanda,True
plant033,V. Thanan Pari X Ascda.Kultana Flame,IMG_6297.JPG,V. Thanan Pari X Ascda.Kultana Flame\IMG_6297.JPG,Thanan Pari,Ascda.Kultana Flame,Vanda,True
plant033,V. Thanan Pari X Ascda.Kultana Flame,IMG_6298.JPG,V. Thanan Pari X Ascda.Kultana Flame\IMG_6298.JPG,Thanan Pari,Ascda.Kultana Flame,Vanda,True
plant033,V. Thanan Pari X Ascda.Kultana Flame,IMG_6299.JPG,V. Thanan Pari X Ascda.Kultana Flame\IMG_6299.JPG,Thanan Pari,Ascda.Kultana Flame,Vanda,True
plant033,V. Thanan Pari X Ascda.Kultana Flame,IMG_6300.JPG,V. Thanan Pari X Ascda.Kultana Flame\IMG_6300.JPG,Thanan Pari,Ascda.Kultana Flame,Vanda,True
plant033,V. Thanan Pari X Ascda.Kultana Flame,IMG_6301.JPG,V. Thanan Pari X Ascda.Kultana Flame\IMG_6301.JPG,Thanan Pari,Ascda.Kultana Flame,Vanda,True
plant033,V. Thanan Pari X Ascda.Kultana Flame,IMG_6302.JPG,V. Thanan Pari X Ascda.Kultana Flame\IMG_6302.JPG,Thanan Pari,Ascda.Kultana Flame,Vanda,True
plant034,V. Yellow Butterfly #463,IMG_6459.JPG,V. Yellow Butterfly #463\IMG_6459.JPG,,,Vanda,False
plant034,V. Yellow Butterfly #463,IMG_6460.JPG,V. Yellow Butterfly #463\IMG_6460.JPG,,,Vanda,False
plant034,V. Yellow Butterfly #463,IMG_6461.JPG,V. Yellow Butterfly #463\IMG_6461.JPG,,,Vanda,False
plant034,V. Yellow Butterfly #463,IMG_6462.JPG,V. Yellow Butterfly #463\IMG_6462.JPG,,,Vanda,False
plant034,V. Yellow Butterfly #463,IMG_6463.JPG,V. Yellow Butterfly #463\IMG_6463.JPG,,,Vanda,False
plant034,V. Yellow Butterfly #463,IMG_6464.JPG,V. Yellow Butterfly #463\IMG_6464.JPG,,,Vanda,False
plant034,V. Yellow Butterfly #463,IMG_6465.JPG,V. Yellow Butterfly #463\IMG_6465.JPG,,,Vanda,False
plant034,V. Yellow Butterfly #463,IMG_6466.JPG,V. Yellow Butterfly #463\IMG_6466.JPG,,,Vanda,False
plant034,V. Yellow Butterfly #463,IMG_6467.JPG,V. Yellow Butterfly #463\IMG_6467.JPG,,,Vanda,False
plant034,V. Yellow Butterfly #463,IMG_6468.JPG,V. Yellow Butterfly #463\IMG_6468.JPG,,,Vanda,False
plant034,V. Yellow Butterfly #463,IMG_6469.JPG,V. Yellow Butterfly #463\IMG_6469.JPG,,,Vanda,False
plant035,V. fuchs delight  X  dr anek,IMG_6268.JPG,V. fuchs delight  X  dr anek\IMG_6268.JPG,fuchs delight,dr anek,Vanda,True
plant035,V. fuchs delight  X  dr anek,IMG_6269.JPG,V. fuchs delight  X  dr anek\IMG_6269.JPG,fuchs delight,dr anek,Vanda,True
plant035,V. fuchs delight  X  dr anek,IMG_6270.JPG,V. fuchs delight  X  dr anek\IMG_6270.JPG,fuchs delight,dr anek,Vanda,True
plant035,V. fuchs delight  X  dr anek,IMG_6271.JPG,V. fuchs delight  X  dr anek\IMG_6271.JPG,fuchs delight,dr anek,Vanda,True
plant035,V. fuchs delight  X  dr anek,IMG_6272.JPG,V. fuchs delight  X  dr anek\IMG_6272.JPG,fuchs delight,dr anek,Vanda,True
plant035,V. fuchs delight  X  dr anek,IMG_6273.JPG,V. fuchs delight  X  dr anek\IMG_6273.JPG,fuchs delight,dr anek,Vanda,True
plant035,V. fuchs delight  X  dr anek,IMG_6274.JPG,V. fuchs delight  X  dr anek\IMG_6274.JPG,fuchs delight,dr anek,Vanda,True
plant035,V. fuchs delight  X  dr anek,IMG_6286.JPG,V. fuchs delight  X  dr anek\IMG_6286.JPG,fuchs delight,dr anek,Vanda,True
plant035,V. fuchs delight  X  dr anek,IMG_6287.JPG,V. fuchs delight  X  dr anek\IMG_6287.JPG,fuchs delight,dr anek,Vanda,True
plant035,V. fuchs delight  X  dr anek,IMG_6288.JPG,V. fuchs delight  X  dr anek\IMG_6288.JPG,fuchs delight,dr anek,Vanda,True
plant035,V. fuchs delight  X  dr anek,IMG_6289.JPG,V. fuchs delight  X  dr anek\IMG_6289.JPG,fuchs delight,dr anek,Vanda,True
plant035,V. fuchs delight  X  dr anek,IMG_6290.JPG,V. fuchs delight  X  dr anek\IMG_6290.JPG,fuchs delight,dr anek,Vanda,True
plant035,V. fuchs delight  X  dr anek,IMG_6291.JPG,V. fuchs delight  X  dr anek\IMG_6291.JPG,fuchs delight,dr anek,Vanda,True
plant035,V. fuchs delight  X  dr anek,IMG_6292.JPG,V. fuchs delight  X  dr anek\IMG_6292.JPG,fuchs delight,dr anek,Vanda,True
plant035,V. fuchs delight  X  dr anek,IMG_6293.JPG,V. fuchs delight  X  dr anek\IMG_6293.JPG,fuchs delight,dr anek,Vanda,True
plant035,V. fuchs delight  X  dr anek,IMG_6323.JPG,V. fuchs delight  X  dr anek\IMG_6323.JPG,fuchs delight,dr anek,Vanda,True
plant035,V. fuchs delight  X  dr anek,IMG_6324.JPG,V. fuchs delight  X  dr anek\IMG_6324.JPG,fuchs delight,dr anek,Vanda,True
plant035,V. fuchs delight  X  dr anek,IMG_6325.JPG,V. fuchs delight  X  dr anek\IMG_6325.JPG,fuchs delight,dr anek,Vanda,True
plant035,V. fuchs delight  X  dr anek,IMG_6326.JPG,V. fuchs delight  X  dr anek\IMG_6326.JPG,fuchs delight,dr anek,Vanda,True
plant035,V. fuchs delight  X  dr anek,IMG_6327.JPG,V. fuchs delight  X  dr anek\IMG_6327.JPG,fuchs delight,dr anek,Vanda,True
plant035,V. fuchs delight  X  dr anek,IMG_6328.JPG,V. fuchs delight  X  dr anek\IMG_6328.JPG,fuchs delight,dr anek,Vanda,True
plant035,V. fuchs delight  X  dr anek,IMG_6372.JPG,V. fuchs delight  X  dr anek\IMG_6372.JPG,fuchs delight,dr anek,Vanda,True
plant035,V. fuchs delight  X  dr anek,IMG_6373.JPG,V. fuchs delight  X  dr anek\IMG_6373.JPG,fuchs delight,dr anek,Vanda,True
plant035,V. fuchs delight  X  dr anek,IMG_6374.JPG,V. fuchs delight  X  dr anek\IMG_6374.JPG,fuchs delight,dr anek,Vanda,True
plant035,V. fuchs delight  X  dr anek,IMG_6375.JPG,V. fuchs delight  X  dr anek\IMG_6375.JPG,fuchs delight,dr anek,Vanda,True
plant035,V. fuchs delight  X  dr anek,IMG_6376.JPG,V. fuchs delight  X  dr anek\IMG_6376.JPG,fuchs delight,dr anek,Vanda,True
plant035,V. fuchs delight  X  dr anek,IMG_6377.JPG,V. fuchs delight  X  dr anek\IMG_6377.JPG,fuchs delight,dr anek,Vanda,True
plant035,V. fuchs delight  X  dr anek,IMG_6378.JPG,V. fuchs delight  X  dr anek\IMG_6378.JPG,fuchs delight,dr anek,Vanda,True
plant036,V. miniata,IMG_6089.JPG,V. miniata\IMG_6089.JPG,,,Vanda,False
plant036,V. miniata,IMG_6090.JPG,V. miniata\IMG_6090.JPG,,,Vanda,False
plant036,V. miniata,IMG_6091.JPG,V. miniata\IMG_6091.JPG,,,Vanda,False
plant036,V. miniata,IMG_6092.JPG,V. miniata\IMG_6092.JPG,,,Vanda,False
plant036,V. miniata,IMG_6093.JPG,V. miniata\IMG_6093.JPG,,,Vanda,False
plant036,V. miniata,IMG_6094.JPG,V. miniata\IMG_6094.JPG,,,Vanda,False
plant036,V. miniata,IMG_6095.JPG,V. miniata\IMG_6095.JPG,,,Vanda,False
plant037,V. noppadol delight,IMG_6558.JPG,V. noppadol delight\IMG_6558.JPG,,,Vanda,False
plant037,V. noppadol delight,IMG_6559.JPG,V. noppadol delight\IMG_6559.JPG,,,Vanda,False
plant037,V. noppadol delight,IMG_6560.JPG,V. noppadol delight\IMG_6560.JPG,,,Vanda,False
plant037,V. noppadol delight,IMG_6561.JPG,V. noppadol delight\IMG_6561.JPG,,,Vanda,False
plant037,V. noppadol delight,IMG_6562.JPG,V. noppadol delight\IMG_6562.JPG,,,Vanda,False
plant037,V. noppadol delight,IMG_6563.JPG,V. noppadol delight\IMG_6563.JPG,,,Vanda,False
plant037,V. noppadol delight,IMG_6564.JPG,V. noppadol delight\IMG_6564.JPG,,,Vanda,False
plant037,V. noppadol delight,IMG_6565.JPG,V. noppadol delight\IMG_6565.JPG,,,Vanda,False
plant037,V. noppadol delight,IMG_6566.JPG,V. noppadol delight\IMG_6566.JPG,,,Vanda,False
plant037,V. noppadol delight,IMG_6567.JPG,V. noppadol delight\IMG_6567.JPG,,,Vanda,False
plant037,V. noppadol delight,IMG_6568.JPG,V. noppadol delight\IMG_6568.JPG,,,Vanda,False
plant037,V. noppadol delight,IMG_6569.JPG,V. noppadol delight\IMG_6569.JPG,,,Vanda,False
plant037,V. noppadol delight,IMG_6570.JPG,V. noppadol delight\IMG_6570.JPG,,,Vanda,False
plant037,V. noppadol delight,IMG_6571.JPG,V. noppadol delight\IMG_6571.JPG,,,Vanda,False
plant037,V. noppadol delight,IMG_6572.JPG,V. noppadol delight\IMG_6572.JPG,,,Vanda,False
plant037,V. noppadol delight,IMG_6573.JPG,V. noppadol delight\IMG_6573.JPG,,,Vanda,False
plant038,V. siriporn pink,IMG_6450.JPG,V. siriporn pink\IMG_6450.JPG,,,Vanda,False
plant038,V. siriporn pink,IMG_6451.JPG,V. siriporn pink\IMG_6451.JPG,,,Vanda,False
plant038,V. siriporn pink,IMG_6452.JPG,V. siriporn pink\IMG_6452.JPG,,,Vanda,False
plant038,V. siriporn pink,IMG_6453.JPG,V. siriporn pink\IMG_6453.JPG,,,Vanda,False
plant038,V. siriporn pink,IMG_6454.JPG,V. siriporn pink\IMG_6454.JPG,,,Vanda,False
plant038,V. siriporn pink,IMG_6455.JPG,V. siriporn pink\IMG_6455.JPG,,,Vanda,False
plant038,V. siriporn pink,IMG_6456.JPG,V. siriporn pink\IMG_6456.JPG,,,Vanda,False
plant038,V. siriporn pink,IMG_6457.JPG,V. siriporn pink\IMG_6457.JPG,,,Vanda,False
plant038,V. siriporn pink,IMG_6458.JPG,V. siriporn pink\IMG_6458.JPG,,,Vanda,False
plant039,V.(Wirat pink x Blitz) X Kulwadee Fragrance,IMG_6585.JPG,V.(Wirat pink x Blitz) X Kulwadee Fragrance\IMG_6585.JPG,(Wirat pink x Blitz),Kulwadee Fragrance,Vanda,True
plant039,V.(Wirat pink x Blitz) X Kulwadee Fragrance,IMG_6586.JPG,V.(Wirat pink x Blitz) X Kulwadee Fragrance\IMG_6586.JPG,(Wirat pink x Blitz),Kulwadee Fragrance,Vanda,True
plant039,V.(Wirat pink x Blitz) X Kulwadee Fragrance,IMG_6587.JPG,V.(Wirat pink x Blitz) X Kulwadee Fragrance\IMG_6587.JPG,(Wirat pink x Blitz),Kulwadee Fragrance,Vanda,True
plant039,V.(Wirat pink x Blitz) X Kulwadee Fragrance,IMG_6588.JPG,V.(Wirat pink x Blitz) X Kulwadee Fragrance\IMG_6588.JPG,(Wirat pink x Blitz),Kulwadee Fragrance,Vanda,True
plant039,V.(Wirat pink x Blitz) X Kulwadee Fragrance,IMG_6589.JPG,V.(Wirat pink x Blitz) X Kulwadee Fragrance\IMG_6589.JPG,(Wirat pink x Blitz),Kulwadee Fragrance,Vanda,True
plant039,V.(Wirat pink x Blitz) X Kulwadee Fragrance,IMG_6590.JPG,V.(Wirat pink x Blitz) X Kulwadee Fragrance\IMG_6590.JPG,(Wirat pink x Blitz),Kulwadee Fragrance,Vanda,True
plant039,V.(Wirat pink x Blitz) X Kulwadee Fragrance,IMG_6591.JPG,V.(Wirat pink x Blitz) X Kulwadee Fragrance\IMG_6591.JPG,(Wirat pink x Blitz),Kulwadee Fragrance,Vanda,True
plant039,V.(Wirat pink x Blitz) X Kulwadee Fragrance,IMG_6592.JPG,V.(Wirat pink x Blitz) X Kulwadee Fragrance\IMG_6592.JPG,(Wirat pink x Blitz),Kulwadee Fragrance,Vanda,True
plant039,V.(Wirat pink x Blitz) X Kulwadee Fragrance,IMG_6593.JPG,V.(Wirat pink x Blitz) X Kulwadee Fragrance\IMG_6593.JPG,(Wirat pink x Blitz),Kulwadee Fragrance,Vanda,True
plant039,V.(Wirat pink x Blitz) X Kulwadee Fragrance,IMG_6594.JPG,V.(Wirat pink x Blitz) X Kulwadee Fragrance\IMG_6594.JPG,(Wirat pink x Blitz),Kulwadee Fragrance,Vanda,True
plant039,V.(Wirat pink x Blitz) X Kulwadee Fragrance,IMG_6595.JPG,V.(Wirat pink x Blitz) X Kulwadee Fragrance\IMG_6595.JPG,(Wirat pink x Blitz),Kulwadee Fragrance,Vanda,True
plant039,V.(Wirat pink x Blitz) X Kulwadee Fragrance,IMG_6596.JPG,V.(Wirat pink x Blitz) X Kulwadee Fragrance\IMG_6596.JPG,(Wirat pink x Blitz),Kulwadee Fragrance,Vanda,True
plant039,V.(Wirat pink x Blitz) X Kulwadee Fragrance,IMG_6597.JPG,V.(Wirat pink x Blitz) X Kulwadee Fragrance\IMG_6597.JPG,(Wirat pink x Blitz),Kulwadee Fragrance,Vanda,True
plant039,V.(Wirat pink x Blitz) X Kulwadee Fragrance,IMG_6598.JPG,V.(Wirat pink x Blitz) X Kulwadee Fragrance\IMG_6598.JPG,(Wirat pink x Blitz),Kulwadee Fragrance,Vanda,True
plant039,V.(Wirat pink x Blitz) X Kulwadee Fragrance,IMG_6599.JPG,V.(Wirat pink x Blitz) X Kulwadee Fragrance\IMG_6599.JPG,(Wirat pink x Blitz),Kulwadee Fragrance,Vanda,True
plant039,V.(Wirat pink x Blitz) X Kulwadee Fragrance,IMG_6600.JPG,V.(Wirat pink x Blitz) X Kulwadee Fragrance\IMG_6600.JPG,(Wirat pink x Blitz),Kulwadee Fragrance,Vanda,True
plant039,V.(Wirat pink x Blitz) X Kulwadee Fragrance,IMG_6601.JPG,V.(Wirat pink x Blitz) X Kulwadee Fragrance\IMG_6601.JPG,(Wirat pink x Blitz),Kulwadee Fragrance,Vanda,True
plant039,V.(Wirat pink x Blitz) X Kulwadee Fragrance,IMG_6602.JPG,V.(Wirat pink x Blitz) X Kulwadee Fragrance\IMG_6602.JPG,(Wirat pink x Blitz),Kulwadee Fragrance,Vanda,True
plant039,V.(Wirat pink x Blitz) X Kulwadee Fragrance,IMG_6603.JPG,V.(Wirat pink x Blitz) X Kulwadee Fragrance\IMG_6603.JPG,(Wirat pink x Blitz),Kulwadee Fragrance,Vanda,True
plant039,V.(Wirat pink x Blitz) X Kulwadee Fragrance,IMG_6604.JPG,V.(Wirat pink x Blitz) X Kulwadee Fragrance\IMG_6604.JPG,(Wirat pink x Blitz),Kulwadee Fragrance,Vanda,True
plant039,V.(Wirat pink x Blitz) X Kulwadee Fragrance,IMG_6605.JPG,V.(Wirat pink x Blitz) X Kulwadee Fragrance\IMG_6605.JPG,(Wirat pink x Blitz),Kulwadee Fragrance,Vanda,True
plant039,V.(Wirat pink x Blitz) X Kulwadee Fragrance,IMG_6606.JPG,V.(Wirat pink x Blitz) X Kulwadee Fragrance\IMG_6606.JPG,(Wirat pink x Blitz),Kulwadee Fragrance,Vanda,True
plant039,V.(Wirat pink x Blitz) X Kulwadee Fragrance,IMG_6607.JPG,V.(Wirat pink x Blitz) X Kulwadee Fragrance\IMG_6607.JPG,(Wirat pink x Blitz),Kulwadee Fragrance,Vanda,True
plant039,V.(Wirat pink x Blitz) X Kulwadee Fragrance,IMG_6608.JPG,V.(Wirat pink x Blitz) X Kulwadee Fragrance\IMG_6608.JPG,(Wirat pink x Blitz),Kulwadee Fragrance,Vanda,True
plant040,V.Chaopraya X V. Kulvaclee,IMG_6019.JPG,V.Chaopraya X V. Kulvaclee\IMG_6019.JPG,Chaopraya,V. Kulvaclee,Vanda,True
plant040,V.Chaopraya X V. Kulvaclee,IMG_6020.JPG,V.Chaopraya X V. Kulvaclee\IMG_6020.JPG,Chaopraya,V. Kulvaclee,Vanda,True
plant040,V.Chaopraya X V. Kulvaclee,IMG_6021.JPG,V.Chaopraya X V. Kulvaclee\IMG_6021.JPG,Chaopraya,V. Kulvaclee,Vanda,True
plant040,V.Chaopraya X V. Kulvaclee,IMG_6022.JPG,V.Chaopraya X V. Kulvaclee\IMG_6022.JPG,Chaopraya,V. Kulvaclee,Vanda,True
plant040,V.Chaopraya X V. Kulvaclee,IMG_6023.JPG,V.Chaopraya X V. Kulvaclee\IMG_6023.JPG,Chaopraya,V. Kulvaclee,Vanda,True
plant040,V.Chaopraya X V. Kulvaclee,IMG_6024.JPG,V.Chaopraya X V. Kulvaclee\IMG_6024.JPG,Chaopraya,V. Kulvaclee,Vanda,True
plant040,V.Chaopraya X V. Kulvaclee,IMG_6025.JPG,V.Chaopraya X V. Kulvaclee\IMG_6025.JPG,Chaopraya,V. Kulvaclee,Vanda,True
plant040,V.Chaopraya X V. Kulvaclee,IMG_6026.JPG,V.Chaopraya X V. Kulvaclee\IMG_6026.JPG,Chaopraya,V. Kulvaclee,Vanda,True
plant040,V.Chaopraya X V. Kulvaclee,IMG_6027.JPG,V.Chaopraya X V. Kulvaclee\IMG_6027.JPG,Chaopraya,V. Kulvaclee,Vanda,True
plant041,V.Kulwadee Maroon,IMG_6575.JPG,V.Kulwadee Maroon\IMG_6575.JPG,,,Vanda,False
plant041,V.Kulwadee Maroon,IMG_6576.JPG,V.Kulwadee Maroon\IMG_6576.JPG,,,Vanda,False
plant041,V.Kulwadee Maroon,IMG_6577.JPG,V.Kulwadee Maroon\IMG_6577.JPG,,,Vanda,False
plant041,V.Kulwadee Maroon,IMG_6578.JPG,V.Kulwadee Maroon\IMG_6578.JPG,,,Vanda,False
plant041,V.Kulwadee Maroon,IMG_6579.JPG,V.Kulwadee Maroon\IMG_6579.JPG,,,Vanda,False
plant041,V.Kulwadee Maroon,IMG_6580.JPG,V.Kulwadee Maroon\IMG_6580.JPG,,,Vanda,False
plant041,V.Kulwadee Maroon,IMG_6581.JPG,V.Kulwadee Maroon\IMG_6581.JPG,,,Vanda,False
plant041,V.Kulwadee Maroon,IMG_6582.JPG,V.Kulwadee Maroon\IMG_6582.JPG,,,Vanda,False
plant041,V.Kulwadee Maroon,IMG_6583.JPG,V.Kulwadee Maroon\IMG_6583.JPG,,,Vanda,False
plant041,V.Kulwadee Maroon,IMG_6584.JPG,V.Kulwadee Maroon\IMG_6584.JPG,,,Vanda,False
plant042,V.Sunlay X V. Dr Anek,IMG_6433.JPG,V.Sunlay X V. Dr Anek\IMG_6433.JPG,Sunlay,V. Dr Anek,Vanda,True
plant042,V.Sunlay X V. Dr Anek,IMG_6434.JPG,V.Sunlay X V. Dr Anek\IMG_6434.JPG,Sunlay,V. Dr Anek,Vanda,True
plant042,V.Sunlay X V. Dr Anek,IMG_6435.JPG,V.Sunlay X V. Dr Anek\IMG_6435.JPG,Sunlay,V. Dr Anek,Vanda,True
plant042,V.Sunlay X V. Dr Anek,IMG_6436.JPG,V.Sunlay X V. Dr Anek\IMG_6436.JPG,Sunlay,V. Dr Anek,Vanda,True
plant042,V.Sunlay X V. Dr Anek,IMG_6437.JPG,V.Sunlay X V. Dr Anek\IMG_6437.JPG,Sunlay,V. Dr Anek,Vanda,True
plant042,V.Sunlay X V. Dr Anek,IMG_6438.JPG,V.Sunlay X V. Dr Anek\IMG_6438.JPG,Sunlay,V. Dr Anek,Vanda,True
plant042,V.Sunlay X V. Dr Anek,IMG_6439.JPG,V.Sunlay X V. Dr Anek\IMG_6439.JPG,Sunlay,V. Dr Anek,Vanda,True
plant042,V.Sunlay X V. Dr Anek,IMG_6440.JPG,V.Sunlay X V. Dr Anek\IMG_6440.JPG,Sunlay,V. Dr Anek,Vanda,True
plant043,V.Tung Tung Diamond Blue,IMG_6051.JPG,V.Tung Tung Diamond Blue\IMG_6051.JPG,,,Vanda,False
plant043,V.Tung Tung Diamond Blue,IMG_6052.JPG,V.Tung Tung Diamond Blue\IMG_6052.JPG,,,Vanda,False
plant043,V.Tung Tung Diamond Blue,IMG_6053.JPG,V.Tung Tung Diamond Blue\IMG_6053.JPG,,,Vanda,False
plant043,V.Tung Tung Diamond Blue,IMG_6054.JPG,V.Tung Tung Diamond Blue\IMG_6054.JPG,,,Vanda,False
plant043,V.Tung Tung Diamond Blue,IMG_6055.JPG,V.Tung Tung Diamond Blue\IMG_6055.JPG,,,Vanda,False
plant043,V.Tung Tung Diamond Blue,IMG_6056.JPG,V.Tung Tung Diamond Blue\IMG_6056.JPG,,,Vanda,False
plant043,V.Tung Tung Diamond Blue,IMG_6057.JPG,V.Tung Tung Diamond Blue\IMG_6057.JPG,,,Vanda,False
plant043,V.Tung Tung Diamond Blue,IMG_6058.JPG,V.Tung Tung Diamond Blue\IMG_6058.JPG,,,Vanda,False
plant043,V.Tung Tung Diamond Blue,IMG_6059.JPG,V.Tung Tung Diamond Blue\IMG_6059.JPG,,,Vanda,False
plant043,V.Tung Tung Diamond Blue,IMG_6060.JPG,V.Tung Tung Diamond Blue\IMG_6060.JPG,,,Vanda,False
plant043,V.Tung Tung Diamond Blue,IMG_6061.JPG,V.Tung Tung Diamond Blue\IMG_6061.JPG,,,Vanda,False
plant043,V.Tung Tung Diamond Blue,IMG_6062.JPG,V.Tung Tung Diamond Blue\IMG_6062.JPG,,,Vanda,False
plant043,V.Tung Tung Diamond Blue,IMG_6063.JPG,V.Tung Tung Diamond Blue\IMG_6063.JPG,,,Vanda,False
plant043,V.Tung Tung Diamond Blue,IMG_6064.JPG,V.Tung Tung Diamond Blue\IMG_6064.JPG,,,Vanda,False
plant044,Vanda Centenaria,IMG_6542.JPG,Vanda Centenaria\IMG_6542.JPG,,,Vanda,False
plant044,Vanda Centenaria,IMG_6543.JPG,Vanda Centenaria\IMG_6543.JPG,,,Vanda,False
plant044,Vanda Centenaria,IMG_6544.JPG,Vanda Centenaria\IMG_6544.JPG,,,Vanda,False
plant044,Vanda Centenaria,IMG_6546.JPG,Vanda Centenaria\IMG_6546.JPG,,,Vanda,False
plant044,Vanda Centenaria,IMG_6547.JPG,Vanda Centenaria\IMG_6547.JPG,,,Vanda,False
plant044,Vanda Centenaria,IMG_6548.JPG,Vanda Centenaria\IMG_6548.JPG,,,Vanda,False
plant044,Vanda Centenaria,IMG_6549.JPG,Vanda Centenaria\IMG_6549.JPG,,,Vanda,False
plant044,Vanda Centenaria,IMG_6550.JPG,Vanda Centenaria\IMG_6550.JPG,,,Vanda,False
plant044,Vanda Centenaria,IMG_6551.JPG,Vanda Centenaria\IMG_6551.JPG,,,Vanda,False
plant044,Vanda Centenaria,IMG_6552.JPG,Vanda Centenaria\IMG_6552.JPG,,,Vanda,False
plant044,Vanda Centenaria,IMG_6553.JPG,Vanda Centenaria\IMG_6553.JPG,,,Vanda,False
plant044,Vanda Centenaria,IMG_6554.JPG,Vanda Centenaria\IMG_6554.JPG,,,Vanda,False
plant044,Vanda Centenaria,IMG_6555.JPG,Vanda Centenaria\IMG_6555.JPG,,,Vanda,False
plant044,Vanda Centenaria,IMG_6556.JPG,Vanda Centenaria\IMG_6556.JPG,,,Vanda,False
plant044,Vanda Centenaria,IMG_6557.JPG,Vanda Centenaria\IMG_6557.JPG,,,Vanda,False
plant045,Vanda Red #77,IMG_6508.JPG,Vanda Red #77\IMG_6508.JPG,,,Vanda,False
plant045,Vanda Red #77,IMG_6509.JPG,Vanda Red #77\IMG_6509.JPG,,,Vanda,False
plant045,Vanda Red #77,IMG_6510.JPG,Vanda Red #77\IMG_6510.JPG,,,Vanda,False
plant045,Vanda Red #77,IMG_6511.JPG,Vanda Red #77\IMG_6511.JPG,,,Vanda,False
plant045,Vanda Red #77,IMG_6512.JPG,Vanda Red #77\IMG_6512.JPG,,,Vanda,False
plant045,Vanda Red #77,IMG_6513.JPG,Vanda Red #77\IMG_6513.JPG,,,Vanda,False
plant045,Vanda Red #77,IMG_6514.JPG,Vanda Red #77\IMG_6514.JPG,,,Vanda,False
plant045,Vanda Red #77,IMG_6515.JPG,Vanda Red #77\IMG_6515.JPG,,,Vanda,False
plant046,Vanda Two Tone Wonder,IMG_6516.JPG,Vanda Two Tone Wonder\IMG_6516.JPG,,,Vanda,False
plant046,Vanda Two Tone Wonder,IMG_6517.JPG,Vanda Two Tone Wonder\IMG_6517.JPG,,,Vanda,False
plant046,Vanda Two Tone Wonder,IMG_6518.JPG,Vanda Two Tone Wonder\IMG_6518.JPG,,,Vanda,False
plant046,Vanda Two Tone Wonder,IMG_6519.JPG,Vanda Two Tone Wonder\IMG_6519.JPG,,,Vanda,False
plant046,Vanda Two Tone Wonder,IMG_6520.JPG,Vanda Two Tone Wonder\IMG_6520.JPG,,,Vanda,False
plant046,Vanda Two Tone Wonder,IMG_6521.JPG,Vanda Two Tone Wonder\IMG_6521.JPG,,,Vanda,False
plant046,Vanda Two Tone Wonder,IMG_6522.JPG,Vanda Two Tone Wonder\IMG_6522.JPG,,,Vanda,False
plant046,Vanda Two Tone Wonder,IMG_6523.JPG,Vanda Two Tone Wonder\IMG_6523.JPG,,,Vanda,False
plant046,Vanda Two Tone Wonder,IMG_6524.JPG,Vanda Two Tone Wonder\IMG_6524.JPG,,,Vanda,False
plant046,Vanda Two Tone Wonder,IMG_6525.JPG,Vanda Two Tone Wonder\IMG_6525.JPG,,,Vanda,False
plant046,Vanda Two Tone Wonder,IMG_6526.JPG,Vanda Two Tone Wonder\IMG_6526.JPG,,,Vanda,False
plant047,Vanda tessellata,IMG_6146.JPG,Vanda tessellata\IMG_6146.JPG,,,Vanda,False
plant047,Vanda tessellata,IMG_6147.JPG,Vanda tessellata\IMG_6147.JPG,,,Vanda,False
plant047,Vanda tessellata,IMG_6148.JPG,Vanda tessellata\IMG_6148.JPG,,,Vanda,False
plant047,Vanda tessellata,IMG_6149.JPG,Vanda tessellata\IMG_6149.JPG,,,Vanda,False
plant047,Vanda tessellata,IMG_6150.JPG,Vanda tessellata\IMG_6150.JPG,,,Vanda,False
plant047,Vanda tessellata,IMG_6151.JPG,Vanda tessellata\IMG_6151.JPG,,,Vanda,False
plant047,Vanda tessellata,IMG_6152.JPG,Vanda tessellata\IMG_6152.JPG,,,Vanda,False
